seqnames	start	end	width	strand	region_name	SHSY5Y_H3K27ac_norm	SHSY5Y_H3K4me1_norm	SHSY5Y_H3K4me3_norm	SHSY5Y_H3K27me3_norm	SHSY5Y_GATA2_norm	SHSY5Y_GATA3_norm	SKNSH_CTCF_norm	SKNSH_H3K27me3_norm	BE2C_PHOX2B_norm	BE2C_HAND2_norm	BE2C_MYCN_norm	BE2C_ISL1_norm	BE2C_TBX2_norm	BE2C_GATA3_norm	Kelly_GATA3_norm	Kelly_ISL1_norm	Kelly_HAND2_norm	Kelly_MYCN_norm	Kelly_PHOX2B_norm	Kelly_TBX2_norm	Kelly_LMO1_norm	Kelly_ASCL1_norm	CLB.GA_PHOX2B_norm	CLB.GA_GATA3_norm	CLB.GA_HAND2_norm	SHSY5Y_ATAC_norm
chr4	40750268	40751269	1002	*	Region_1	125.748502994012	43.9121756487026	254.491017964072	10.9780439121756	63.872255489022	24.9500998003992	26.9461077844311	13.9720558882236	16.9660678642715	11.9760479041916	6.98602794411178	14.9700598802395	13.9720558882236	21.9560878243513	10.9780439121756	13.9720558882236	13.9720558882236	7.98403193612774	5.98802395209581	7.98403193612774	12.9740518962076	8.98203592814371	13.9720558882236	3.99201596806387	19.9600798403194	238.522954091816
chr4	40755453	40756454	1002	*	Region_3	2.9940119760479	4.99001996007984	2.9940119760479	3.99201596806387	34.9301397205589	37.9241516966068	13.9720558882236	11.9760479041916	14.9700598802395	3.99201596806387	6.98602794411178	6.98602794411178	6.98602794411178	6.98602794411178	11.9760479041916	11.9760479041916	7.98403193612774	3.99201596806387	3.99201596806387	4.99001996007984	8.98203592814371	2.9940119760479	11.9760479041916	6.98602794411178	7.98403193612774	41.9161676646707
chr4	40789972	40790973	1002	*	Region_13	0.998003992015968	0.998003992015968	0	4.99001996007984	24.9500998003992	29.940119760479	7.98403193612774	15.9680638722555	5.98802395209581	9.98003992015968	5.98802395209581	8.98203592814371	9.98003992015968	9.98003992015968	8.98203592814371	13.9720558882236	11.9760479041916	4.99001996007984	19.9600798403194	12.9740518962076	13.9720558882236	1.99600798403194	7.98403193612774	14.9700598802395	20.9580838323353	26.9461077844311
chr4	40797320	40798321	1002	*	Region_17	0	0.998003992015968	2.9940119760479	4.99001996007984	23.9520958083832	42.9141716566866	13.9720558882236	16.9660678642715	8.98203592814371	8.98203592814371	4.99001996007984	8.98203592814371	6.98602794411178	2.9940119760479	9.98003992015968	13.9720558882236	18.9620758483034	4.99001996007984	9.98003992015968	8.98203592814371	6.98602794411178	6.98602794411178	17.9640718562874	7.98403193612774	12.9740518962076	37.9241516966068
chr4	40798470	40799471	1002	*	Region_18	1.99600798403194	1.99600798403194	1.99600798403194	1.99600798403194	14.9700598802395	27.9441117764471	7.98403193612774	10.9780439121756	7.98403193612774	7.98403193612774	1.99600798403194	8.98203592814371	5.98802395209581	11.9760479041916	10.9780439121756	8.98203592814371	14.9700598802395	12.9740518962076	8.98203592814371	12.9740518962076	14.9700598802395	9.98003992015968	14.9700598802395	6.98602794411178	24.9500998003992	14.9700598802395
chr4	40801827	40802828	1002	*	Region_20	2.9940119760479	1.99600798403194	2.9940119760479	4.99001996007984	18.9620758483034	18.9620758483034	5.98802395209581	11.9760479041916	4.99001996007984	7.98403193612774	2.9940119760479	9.98003992015968	2.9940119760479	3.99201596806387	12.9740518962076	9.98003992015968	11.9760479041916	9.98003992015968	9.98003992015968	11.9760479041916	14.9700598802395	7.98403193612774	14.9700598802395	2.9940119760479	23.9520958083832	16.9660678642715
chr4	40815985	40816986	1002	*	Region_27	1.99600798403194	3.99201596806387	3.99201596806387	2.9940119760479	23.9520958083832	26.9461077844311	8.98203592814371	8.98203592814371	13.9720558882236	16.9660678642715	2.9940119760479	10.9780439121756	8.98203592814371	6.98602794411178	11.9760479041916	12.9740518962076	13.9720558882236	6.98602794411178	12.9740518962076	11.9760479041916	12.9740518962076	4.99001996007984	12.9740518962076	8.98203592814371	13.9720558882236	23.9520958083832
chr4	40821309	40822310	1002	*	Region_31	4.99001996007984	0	0	0.998003992015968	35.9281437125749	32.9341317365269	11.9760479041916	3.99201596806387	1.99600798403194	8.98203592814371	0	10.9780439121756	9.98003992015968	20.9580838323353	3.99201596806387	12.9740518962076	15.9680638722555	1.99600798403194	3.99201596806387	10.9780439121756	8.98203592814371	4.99001996007984	8.98203592814371	2.9940119760479	16.9660678642715	49.9001996007984
chr4	40823331	40824332	1002	*	Region_33	7.98403193612774	1.99600798403194	2.9940119760479	3.99201596806387	29.940119760479	21.9560878243513	14.9700598802395	7.98403193612774	5.98802395209581	7.98403193612774	1.99600798403194	11.9760479041916	7.98403193612774	12.9740518962076	8.98203592814371	4.99001996007984	16.9660678642715	1.99600798403194	6.98602794411178	4.99001996007984	9.98003992015968	2.9940119760479	1.99600798403194	9.98003992015968	8.98203592814371	70.8582834331337
chr4	40831032	40832033	1002	*	Region_37	0	1.99600798403194	0	3.99201596806387	29.940119760479	11.9760479041916	20.9580838323353	4.99001996007984	5.98802395209581	13.9720558882236	3.99201596806387	2.9940119760479	7.98403193612774	10.9780439121756	15.9680638722555	16.9660678642715	15.9680638722555	9.98003992015968	0	6.98602794411178	11.9760479041916	4.99001996007984	9.98003992015968	13.9720558882236	15.9680638722555	12.9740518962076
chr4	40833364	40834365	1002	*	Region_39	5.98802395209581	5.98802395209581	1.99600798403194	3.99201596806387	35.9281437125749	18.9620758483034	6.98602794411178	9.98003992015968	9.98003992015968	30.938123752495	6.98602794411178	17.9640718562874	23.9520958083832	10.9780439121756	13.9720558882236	14.9700598802395	29.940119760479	5.98802395209581	5.98802395209581	17.9640718562874	11.9760479041916	7.98403193612774	14.9700598802395	6.98602794411178	23.9520958083832	66.8662674650699
chr4	40835504	40836505	1002	*	Region_40	2.9940119760479	11.9760479041916	4.99001996007984	1.99600798403194	31.936127744511	25.9481037924152	17.9640718562874	6.98602794411178	10.9780439121756	8.98203592814371	2.9940119760479	9.98003992015968	13.9720558882236	6.98602794411178	9.98003992015968	18.9620758483034	15.9680638722555	10.9780439121756	2.9940119760479	7.98403193612774	5.98802395209581	5.98802395209581	0.998003992015968	7.98403193612774	9.98003992015968	41.9161676646707
chr4	40842157	40843158	1002	*	Region_43	7.98403193612774	17.9640718562874	1.99600798403194	2.9940119760479	30.938123752495	22.9540918163673	17.9640718562874	5.98802395209581	9.98003992015968	7.98403193612774	3.99201596806387	5.98802395209581	10.9780439121756	19.9600798403194	11.9760479041916	7.98403193612774	23.9520958083832	6.98602794411178	3.99201596806387	4.99001996007984	7.98403193612774	5.98802395209581	10.9780439121756	4.99001996007984	10.9780439121756	63.872255489022
chr4	40847160	40848161	1002	*	Region_45	1.99600798403194	5.98802395209581	3.99201596806387	1.99600798403194	32.9341317365269	32.9341317365269	12.9740518962076	7.98403193612774	5.98802395209581	12.9740518962076	3.99201596806387	12.9740518962076	9.98003992015968	15.9680638722555	9.98003992015968	8.98203592814371	14.9700598802395	6.98602794411178	10.9780439121756	15.9680638722555	12.9740518962076	2.9940119760479	5.98802395209581	14.9700598802395	24.9500998003992	26.9461077844311
chr4	40858974	40859975	1002	*	Region_52	5.98802395209581	28.9421157684631	0.998003992015968	7.98403193612774	40.9181636726547	21.9560878243513	21.9560878243513	10.9780439121756	7.98403193612774	13.9720558882236	8.98203592814371	7.98403193612774	11.9760479041916	14.9700598802395	10.9780439121756	13.9720558882236	8.98203592814371	2.9940119760479	2.9940119760479	5.98802395209581	9.98003992015968	3.99201596806387	6.98602794411178	7.98403193612774	12.9740518962076	66.8662674650699
chr4	40863876	40864877	1002	*	Region_55	2.9940119760479	2.9940119760479	2.9940119760479	1.99600798403194	27.9441117764471	17.9640718562874	9.98003992015968	7.98403193612774	4.99001996007984	4.99001996007984	3.99201596806387	5.98802395209581	5.98802395209581	7.98403193612774	11.9760479041916	9.98003992015968	10.9780439121756	3.99201596806387	1.99600798403194	3.99201596806387	13.9720558882236	4.99001996007984	11.9760479041916	9.98003992015968	11.9760479041916	18.9620758483034
chr4	40874819	40875820	1002	*	Region_62	4.99001996007984	14.9700598802395	0	4.99001996007984	12.9740518962076	26.9461077844311	10.9780439121756	9.98003992015968	13.9720558882236	9.98003992015968	4.99001996007984	8.98203592814371	6.98602794411178	10.9780439121756	7.98403193612774	18.9620758483034	13.9720558882236	3.99201596806387	5.98802395209581	10.9780439121756	24.9500998003992	4.99001996007984	13.9720558882236	22.9540918163673	18.9620758483034	37.9241516966068
chr4	40878923	40879924	1002	*	Region_65	2.9940119760479	3.99201596806387	0.998003992015968	1.99600798403194	30.938123752495	30.938123752495	13.9720558882236	14.9700598802395	8.98203592814371	4.99001996007984	3.99201596806387	8.98203592814371	8.98203592814371	7.98403193612774	9.98003992015968	15.9680638722555	16.9660678642715	9.98003992015968	6.98602794411178	15.9680638722555	11.9760479041916	5.98802395209581	13.9720558882236	10.9780439121756	13.9720558882236	19.9600798403194
chr4	40883456	40884457	1002	*	Region_68	1.99600798403194	2.9940119760479	1.99600798403194	2.9940119760479	37.9241516966068	21.9560878243513	11.9760479041916	23.9520958083832	6.98602794411178	9.98003992015968	2.9940119760479	4.99001996007984	3.99201596806387	12.9740518962076	6.98602794411178	11.9760479041916	13.9720558882236	7.98403193612774	11.9760479041916	17.9640718562874	14.9700598802395	8.98203592814371	15.9680638722555	5.98802395209581	11.9760479041916	38.9221556886228
chr4	40886113	40887114	1002	*	Region_69	5.98802395209581	3.99201596806387	3.99201596806387	3.99201596806387	41.9161676646707	8.98203592814371	10.9780439121756	8.98203592814371	7.98403193612774	8.98203592814371	0.998003992015968	11.9760479041916	12.9740518962076	14.9700598802395	17.9640718562874	9.98003992015968	14.9700598802395	5.98802395209581	3.99201596806387	4.99001996007984	7.98403193612774	6.98602794411178	12.9740518962076	12.9740518962076	7.98403193612774	21.9560878243513
chr4	40890023	40891024	1002	*	Region_71	0	3.99201596806387	0	6.98602794411178	28.9421157684631	19.9600798403194	12.9740518962076	10.9780439121756	14.9700598802395	8.98203592814371	0.998003992015968	4.99001996007984	6.98602794411178	3.99201596806387	7.98403193612774	9.98003992015968	13.9720558882236	8.98203592814371	7.98403193612774	3.99201596806387	11.9760479041916	3.99201596806387	4.99001996007984	7.98403193612774	12.9740518962076	29.940119760479
chr4	40891843	40892844	1002	*	Region_72	0	2.9940119760479	0.998003992015968	3.99201596806387	20.9580838323353	23.9520958083832	12.9740518962076	5.98802395209581	2.9940119760479	6.98602794411178	7.98403193612774	8.98203592814371	5.98802395209581	11.9760479041916	10.9780439121756	15.9680638722555	12.9740518962076	4.99001996007984	9.98003992015968	4.99001996007984	5.98802395209581	6.98602794411178	7.98403193612774	4.99001996007984	17.9640718562874	25.9481037924152
chr4	40895238	40896239	1002	*	Region_74	0.998003992015968	6.98602794411178	0	6.98602794411178	29.940119760479	21.9560878243513	22.9540918163673	4.99001996007984	4.99001996007984	9.98003992015968	1.99600798403194	12.9740518962076	11.9760479041916	12.9740518962076	8.98203592814371	11.9760479041916	12.9740518962076	6.98602794411178	2.9940119760479	3.99201596806387	13.9720558882236	3.99201596806387	5.98802395209581	9.98003992015968	9.98003992015968	44.9101796407186
chr4	40904766	40905767	1002	*	Region_77	2.9940119760479	0.998003992015968	0.998003992015968	5.98802395209581	34.9301397205589	21.9560878243513	21.9560878243513	7.98403193612774	2.9940119760479	16.9660678642715	1.99600798403194	8.98203592814371	14.9700598802395	6.98602794411178	10.9780439121756	14.9700598802395	14.9700598802395	3.99201596806387	1.99600798403194	10.9780439121756	10.9780439121756	6.98602794411178	18.9620758483034	0.998003992015968	12.9740518962076	49.9001996007984
chr4	40908107	40909108	1002	*	Region_78	137.724550898204	148.702594810379	3.99201596806387	7.98403193612774	62.874251497006	21.9560878243513	510.978043912176	8.98203592814371	18.9620758483034	42.9141716566866	16.9660678642715	32.9341317365269	37.9241516966068	28.9421157684631	16.9660678642715	14.9700598802395	21.9560878243513	17.9640718562874	8.98203592814371	13.9720558882236	25.9481037924152	5.98802395209581	25.9481037924152	12.9740518962076	30.938123752495	304.39121756487
chr4	40933608	40934609	1002	*	Region_91	35.9281437125749	106.786427145709	2.9940119760479	4.99001996007984	43.9121756487026	26.9461077844311	35.9281437125749	11.9760479041916	15.9680638722555	37.9241516966068	8.98203592814371	19.9600798403194	19.9600798403194	23.9520958083832	6.98602794411178	12.9740518962076	21.9560878243513	3.99201596806387	10.9780439121756	6.98602794411178	9.98003992015968	5.98802395209581	11.9760479041916	6.98602794411178	12.9740518962076	134.730538922156
chr4	40942816	40943817	1002	*	Region_95	7.98403193612774	2.9940119760479	0	6.98602794411178	34.9301397205589	32.9341317365269	14.9700598802395	10.9780439121756	9.98003992015968	7.98403193612774	2.9940119760479	6.98602794411178	8.98203592814371	6.98602794411178	6.98602794411178	13.9720558882236	7.98403193612774	1.99600798403194	2.9940119760479	7.98403193612774	12.9740518962076	3.99201596806387	14.9700598802395	10.9780439121756	32.9341317365269	49.9001996007984
chr4	40944660	40945661	1002	*	Region_96	0.998003992015968	2.9940119760479	2.9940119760479	2.9940119760479	19.9600798403194	26.9461077844311	11.9760479041916	4.99001996007984	8.98203592814371	5.98802395209581	2.9940119760479	4.99001996007984	6.98602794411178	13.9720558882236	11.9760479041916	10.9780439121756	9.98003992015968	2.9940119760479	8.98203592814371	4.99001996007984	11.9760479041916	2.9940119760479	3.99201596806387	9.98003992015968	16.9660678642715	31.936127744511
chr4	40947064	40948065	1002	*	Region_97	2.9940119760479	7.98403193612774	0.998003992015968	3.99201596806387	27.9441117764471	26.9461077844311	11.9760479041916	13.9720558882236	12.9740518962076	10.9780439121756	2.9940119760479	15.9680638722555	16.9660678642715	7.98403193612774	6.98602794411178	12.9740518962076	13.9720558882236	6.98602794411178	12.9740518962076	11.9760479041916	10.9780439121756	8.98203592814371	12.9740518962076	14.9700598802395	17.9640718562874	35.9281437125749
chr4	40949536	40950537	1002	*	Region_99	0.998003992015968	1.99600798403194	2.9940119760479	7.98403193612774	29.940119760479	18.9620758483034	17.9640718562874	10.9780439121756	6.98602794411178	12.9740518962076	1.99600798403194	20.9580838323353	6.98602794411178	15.9680638722555	8.98203592814371	14.9700598802395	8.98203592814371	5.98802395209581	2.9940119760479	5.98802395209581	11.9760479041916	9.98003992015968	5.98802395209581	14.9700598802395	9.98003992015968	53.8922155688623
chr4	40966019	40967020	1002	*	Region_109	0.998003992015968	4.99001996007984	1.99600798403194	0	21.9560878243513	9.98003992015968	22.9540918163673	11.9760479041916	10.9780439121756	11.9760479041916	5.98802395209581	8.98203592814371	9.98003992015968	15.9680638722555	9.98003992015968	9.98003992015968	15.9680638722555	1.99600798403194	2.9940119760479	8.98203592814371	14.9700598802395	2.9940119760479	6.98602794411178	7.98403193612774	11.9760479041916	44.9101796407186
chr4	41013898	41014899	1002	*	Region_132	0	1.99600798403194	0	4.99001996007984	23.9520958083832	9.98003992015968	20.9580838323353	10.9780439121756	11.9760479041916	15.9680638722555	4.99001996007984	3.99201596806387	8.98203592814371	9.98003992015968	11.9760479041916	13.9720558882236	9.98003992015968	4.99001996007984	9.98003992015968	12.9740518962076	13.9720558882236	3.99201596806387	16.9660678642715	3.99201596806387	14.9700598802395	22.9540918163673
chr4	41019320	41020321	1002	*	Region_136	2.9940119760479	5.98802395209581	4.99001996007984	2.9940119760479	21.9560878243513	20.9580838323353	10.9780439121756	3.99201596806387	9.98003992015968	12.9740518962076	2.9940119760479	6.98602794411178	5.98802395209581	12.9740518962076	7.98403193612774	12.9740518962076	11.9760479041916	6.98602794411178	8.98203592814371	13.9720558882236	11.9760479041916	6.98602794411178	6.98602794411178	5.98802395209581	10.9780439121756	9.98003992015968
chr4	41022994	41023995	1002	*	Region_139	2.9940119760479	2.9940119760479	0.998003992015968	3.99201596806387	15.9680638722555	32.9341317365269	19.9600798403194	17.9640718562874	12.9740518962076	7.98403193612774	1.99600798403194	6.98602794411178	12.9740518962076	9.98003992015968	9.98003992015968	14.9700598802395	11.9760479041916	7.98403193612774	21.9560878243513	10.9780439121756	12.9740518962076	4.99001996007984	23.9520958083832	13.9720558882236	30.938123752495	16.9660678642715
chr4	41050170	41051171	1002	*	Region_152	1.99600798403194	6.98602794411178	3.99201596806387	4.99001996007984	33.9321357285429	26.9461077844311	5.98802395209581	7.98403193612774	6.98602794411178	11.9760479041916	3.99201596806387	8.98203592814371	11.9760479041916	5.98802395209581	8.98203592814371	18.9620758483034	18.9620758483034	7.98403193612774	5.98802395209581	10.9780439121756	10.9780439121756	4.99001996007984	9.98003992015968	2.9940119760479	29.940119760479	29.940119760479
chr4	41054159	41055160	1002	*	Region_154	1.99600798403194	0.998003992015968	0.998003992015968	1.99600798403194	39.9201596806387	18.9620758483034	14.9700598802395	3.99201596806387	5.98802395209581	10.9780439121756	1.99600798403194	3.99201596806387	5.98802395209581	8.98203592814371	2.9940119760479	12.9740518962076	15.9680638722555	4.99001996007984	8.98203592814371	5.98802395209581	0.998003992015968	3.99201596806387	11.9760479041916	12.9740518962076	9.98003992015968	33.9321357285429
chr4	41066618	41067619	1002	*	Region_161	4.99001996007984	8.98203592814371	0.998003992015968	3.99201596806387	39.9201596806387	15.9680638722555	11.9760479041916	10.9780439121756	5.98802395209581	6.98602794411178	10.9780439121756	7.98403193612774	7.98403193612774	7.98403193612774	9.98003992015968	16.9660678642715	23.9520958083832	6.98602794411178	5.98802395209581	7.98403193612774	15.9680638722555	1.99600798403194	23.9520958083832	14.9700598802395	13.9720558882236	43.9121756487026
chr4	41069202	41070203	1002	*	Region_163	9.98003992015968	30.938123752495	4.99001996007984	2.9940119760479	22.9540918163673	23.9520958083832	20.9580838323353	11.9760479041916	13.9720558882236	39.9201596806387	3.99201596806387	27.9441117764471	14.9700598802395	4.99001996007984	19.9600798403194	31.936127744511	47.9041916167665	10.9780439121756	14.9700598802395	24.9500998003992	21.9560878243513	7.98403193612774	8.98203592814371	11.9760479041916	22.9540918163673	54.8902195608783
chr4	41075870	41076871	1002	*	Region_166	9.98003992015968	3.99201596806387	1.99600798403194	4.99001996007984	33.9321357285429	24.9500998003992	13.9720558882236	10.9780439121756	8.98203592814371	15.9680638722555	6.98602794411178	12.9740518962076	8.98203592814371	9.98003992015968	10.9780439121756	10.9780439121756	12.9740518962076	8.98203592814371	9.98003992015968	7.98403193612774	16.9660678642715	7.98403193612774	22.9540918163673	8.98203592814371	8.98203592814371	26.9461077844311
chr4	41090745	41091746	1002	*	Region_171	0.998003992015968	2.9940119760479	3.99201596806387	4.99001996007984	22.9540918163673	31.936127744511	17.9640718562874	8.98203592814371	11.9760479041916	10.9780439121756	5.98802395209581	9.98003992015968	9.98003992015968	4.99001996007984	6.98602794411178	16.9660678642715	19.9600798403194	6.98602794411178	6.98602794411178	10.9780439121756	9.98003992015968	10.9780439121756	17.9640718562874	7.98403193612774	22.9540918163673	32.9341317365269
chr4	41100586	41101587	1002	*	Region_174	0	1.99600798403194	0.998003992015968	0.998003992015968	18.9620758483034	34.9301397205589	10.9780439121756	12.9740518962076	11.9760479041916	8.98203592814371	0.998003992015968	8.98203592814371	11.9760479041916	13.9720558882236	11.9760479041916	18.9620758483034	14.9700598802395	5.98802395209581	12.9740518962076	14.9700598802395	16.9660678642715	2.9940119760479	13.9720558882236	13.9720558882236	12.9740518962076	13.9720558882236
chr4	41110059	41111060	1002	*	Region_179	1.99600798403194	6.98602794411178	0	5.98802395209581	34.9301397205589	16.9660678642715	8.98203592814371	11.9760479041916	8.98203592814371	8.98203592814371	4.99001996007984	7.98403193612774	6.98602794411178	10.9780439121756	11.9760479041916	10.9780439121756	10.9780439121756	7.98403193612774	3.99201596806387	10.9780439121756	11.9760479041916	5.98802395209581	17.9640718562874	4.99001996007984	17.9640718562874	21.9560878243513
chr4	41111658	41112659	1002	*	Region_180	2.9940119760479	11.9760479041916	1.99600798403194	3.99201596806387	25.9481037924152	21.9560878243513	18.9620758483034	8.98203592814371	7.98403193612774	11.9760479041916	3.99201596806387	8.98203592814371	15.9680638722555	12.9740518962076	2.9940119760479	13.9720558882236	14.9700598802395	5.98802395209581	8.98203592814371	9.98003992015968	12.9740518962076	4.99001996007984	14.9700598802395	1.99600798403194	22.9540918163673	28.9421157684631
chr4	41116493	41117494	1002	*	Region_181	0.998003992015968	0.998003992015968	1.99600798403194	5.98802395209581	24.9500998003992	18.9620758483034	14.9700598802395	5.98802395209581	17.9640718562874	7.98403193612774	9.98003992015968	11.9760479041916	7.98403193612774	9.98003992015968	9.98003992015968	16.9660678642715	16.9660678642715	5.98802395209581	18.9620758483034	3.99201596806387	6.98602794411178	5.98802395209581	5.98802395209581	13.9720558882236	8.98203592814371	11.9760479041916
chr4	41121260	41122261	1002	*	Region_183	0.998003992015968	7.98403193612774	0.998003992015968	2.9940119760479	19.9600798403194	22.9540918163673	13.9720558882236	9.98003992015968	2.9940119760479	17.9640718562874	1.99600798403194	7.98403193612774	10.9780439121756	14.9700598802395	9.98003992015968	15.9680638722555	16.9660678642715	6.98602794411178	7.98403193612774	4.99001996007984	19.9600798403194	5.98802395209581	16.9660678642715	5.98802395209581	15.9680638722555	37.9241516966068
chr4	41143604	41144605	1002	*	Region_194	5.98802395209581	10.9780439121756	1.99600798403194	7.98403193612774	12.9740518962076	25.9481037924152	12.9740518962076	14.9700598802395	13.9720558882236	17.9640718562874	8.98203592814371	11.9760479041916	12.9740518962076	23.9520958083832	15.9680638722555	14.9700598802395	18.9620758483034	13.9720558882236	14.9700598802395	17.9640718562874	22.9540918163673	5.98802395209581	17.9640718562874	13.9720558882236	26.9461077844311	33.9321357285429
chr4	41152980	41153981	1002	*	Region_200	0	3.99201596806387	2.9940119760479	1.99600798403194	21.9560878243513	22.9540918163673	12.9740518962076	15.9680638722555	15.9680638722555	19.9600798403194	3.99201596806387	10.9780439121756	8.98203592814371	4.99001996007984	6.98602794411178	18.9620758483034	18.9620758483034	3.99201596806387	12.9740518962076	7.98403193612774	14.9700598802395	3.99201596806387	17.9640718562874	10.9780439121756	29.940119760479	36.9261477045908
chr4	41183913	41184914	1002	*	Region_218	1.99600798403194	0	2.9940119760479	4.99001996007984	38.9221556886228	18.9620758483034	15.9680638722555	8.98203592814371	7.98403193612774	11.9760479041916	0.998003992015968	5.98802395209581	15.9680638722555	2.9940119760479	9.98003992015968	15.9680638722555	14.9700598802395	7.98403193612774	6.98602794411178	10.9780439121756	9.98003992015968	5.98802395209581	4.99001996007984	14.9700598802395	16.9660678642715	33.9321357285429
chr4	41195462	41196463	1002	*	Region_222	4.99001996007984	1.99600798403194	0.998003992015968	0.998003992015968	29.940119760479	19.9600798403194	6.98602794411178	8.98203592814371	5.98802395209581	11.9760479041916	3.99201596806387	11.9760479041916	8.98203592814371	4.99001996007984	10.9780439121756	10.9780439121756	11.9760479041916	5.98802395209581	3.99201596806387	2.9940119760479	15.9680638722555	5.98802395209581	17.9640718562874	5.98802395209581	17.9640718562874	27.9441117764471
chr4	41206545	41207546	1002	*	Region_229	1.99600798403194	5.98802395209581	1.99600798403194	4.99001996007984	19.9600798403194	22.9540918163673	22.9540918163673	10.9780439121756	6.98602794411178	15.9680638722555	3.99201596806387	4.99001996007984	1.99600798403194	22.9540918163673	16.9660678642715	16.9660678642715	8.98203592814371	7.98403193612774	3.99201596806387	8.98203592814371	6.98602794411178	4.99001996007984	7.98403193612774	4.99001996007984	15.9680638722555	28.9421157684631
chr4	41208201	41209202	1002	*	Region_230	0.998003992015968	6.98602794411178	0.998003992015968	5.98802395209581	17.9640718562874	35.9281437125749	9.98003992015968	10.9780439121756	15.9680638722555	18.9620758483034	5.98802395209581	17.9640718562874	11.9760479041916	15.9680638722555	11.9760479041916	24.9500998003992	11.9760479041916	6.98602794411178	15.9680638722555	11.9760479041916	18.9620758483034	7.98403193612774	12.9740518962076	7.98403193612774	24.9500998003992	27.9441117764471
chr4	41214115	41215116	1002	*	Region_233	284.431137724551	74.8502994011976	427.145708582834	5.98802395209581	127.744510978044	24.9500998003992	460.079840319361	3.99201596806387	27.9441117764471	117.764471057884	70.8582834331337	55.8882235528942	84.8303393213573	72.8542914171657	42.9141716566866	26.9461077844311	42.9141716566866	116.766467065868	20.9580838323353	42.9141716566866	55.8882235528942	24.9500998003992	4.99001996007984	8.98203592814371	28.9421157684631	882.235528942116
chr4	41243755	41244756	1002	*	Region_249	3.99201596806387	5.98802395209581	1.99600798403194	6.98602794411178	32.9341317365269	16.9660678642715	8.98203592814371	17.9640718562874	6.98602794411178	12.9740518962076	1.99600798403194	8.98203592814371	11.9760479041916	8.98203592814371	12.9740518962076	15.9680638722555	6.98602794411178	7.98403193612774	6.98602794411178	9.98003992015968	14.9700598802395	0.998003992015968	17.9640718562874	5.98802395209581	13.9720558882236	41.9161676646707
chr4	41245762	41246763	1002	*	Region_250	0	0.998003992015968	1.99600798403194	7.98403193612774	32.9341317365269	16.9660678642715	14.9700598802395	27.9441117764471	5.98802395209581	5.98802395209581	7.98403193612774	11.9760479041916	9.98003992015968	12.9740518962076	9.98003992015968	19.9600798403194	11.9760479041916	7.98403193612774	7.98403193612774	10.9780439121756	20.9580838323353	4.99001996007984	18.9620758483034	17.9640718562874	24.9500998003992	26.9461077844311
chr4	41256259	41257260	1002	*	Region_256	572.854291417166	4.99001996007984	1152.69461077844	9.98003992015968	175.64870259481	35.9281437125749	61.87624750499	15.9680638722555	36.9261477045908	120.758483033932	53.8922155688623	92.814371257485	60.8782435129741	74.8502994011976	28.9421157684631	16.9660678642715	50.8982035928144	118.7624750499	24.9500998003992	33.9321357285429	158.682634730539	26.9461077844311	15.9680638722555	24.9500998003992	37.9241516966068	766.467065868264
chr4	41294606	41295607	1002	*	Region_271	3.99201596806387	1.99600798403194	2.9940119760479	4.99001996007984	29.940119760479	26.9461077844311	12.9740518962076	8.98203592814371	4.99001996007984	17.9640718562874	5.98802395209581	8.98203592814371	16.9660678642715	9.98003992015968	7.98403193612774	11.9760479041916	19.9600798403194	12.9740518962076	13.9720558882236	7.98403193612774	14.9700598802395	5.98802395209581	12.9740518962076	20.9580838323353	15.9680638722555	35.9281437125749
chr4	41320167	41321168	1002	*	Region_280	2.9940119760479	3.99201596806387	3.99201596806387	4.99001996007984	27.9441117764471	36.9261477045908	15.9680638722555	18.9620758483034	16.9660678642715	18.9620758483034	5.98802395209581	12.9740518962076	13.9720558882236	36.9261477045908	11.9760479041916	21.9560878243513	20.9580838323353	8.98203592814371	14.9700598802395	10.9780439121756	22.9540918163673	5.98802395209581	11.9760479041916	20.9580838323353	21.9560878243513	23.9520958083832
chr4	41322576	41323577	1002	*	Region_281	2.9940119760479	7.98403193612774	1.99600798403194	4.99001996007984	16.9660678642715	22.9540918163673	11.9760479041916	21.9560878243513	12.9740518962076	33.9321357285429	11.9760479041916	15.9680638722555	13.9720558882236	23.9520958083832	7.98403193612774	22.9540918163673	17.9640718562874	18.9620758483034	18.9620758483034	14.9700598802395	17.9640718562874	6.98602794411178	18.9620758483034	8.98203592814371	27.9441117764471	15.9680638722555
chr4	41324493	41325494	1002	*	Region_282	8.98203592814371	16.9660678642715	2.9940119760479	2.9940119760479	51.8962075848303	37.9241516966068	17.9640718562874	8.98203592814371	24.9500998003992	53.8922155688623	24.9500998003992	41.9161676646707	26.9461077844311	46.9061876247505	14.9700598802395	23.9520958083832	24.9500998003992	21.9560878243513	20.9580838323353	16.9660678642715	27.9441117764471	14.9700598802395	21.9560878243513	12.9740518962076	22.9540918163673	78.8423153692615
chr4	41360448	41361449	1002	*	Region_292	1119.76047904192	8.98203592814371	1086.82634730539	5.98802395209581	95.8083832335329	15.9680638722555	62.874251497006	27.9441117764471	31.936127744511	109.780439121757	20.9580838323353	73.8522954091816	75.8483033932136	74.8502994011976	27.9441117764471	23.9520958083832	44.9101796407186	82.8343313373254	10.9780439121756	53.8922155688623	56.8862275449102	42.9141716566866	20.9580838323353	10.9780439121756	21.9560878243513	522.954091816367
chr4	41367266	41368267	1002	*	Region_294	5.98802395209581	4.99001996007984	0.998003992015968	1.99600798403194	33.9321357285429	23.9520958083832	8.98203592814371	13.9720558882236	10.9780439121756	8.98203592814371	6.98602794411178	5.98802395209581	5.98802395209581	13.9720558882236	9.98003992015968	21.9560878243513	10.9780439121756	5.98802395209581	3.99201596806387	9.98003992015968	15.9680638722555	4.99001996007984	10.9780439121756	6.98602794411178	29.940119760479	31.936127744511
chr4	41375813	41376814	1002	*	Region_298	4.99001996007984	8.98203592814371	3.99201596806387	1.99600798403194	20.9580838323353	34.9301397205589	5.98802395209581	14.9700598802395	21.9560878243513	22.9540918163673	10.9780439121756	23.9520958083832	7.98403193612774	33.9321357285429	17.9640718562874	17.9640718562874	11.9760479041916	18.9620758483034	15.9680638722555	14.9700598802395	17.9640718562874	7.98403193612774	18.9620758483034	20.9580838323353	15.9680638722555	36.9261477045908
chr4	41378367	41379368	1002	*	Region_300	5.98802395209581	0	3.99201596806387	7.98403193612774	39.9201596806387	29.940119760479	17.9640718562874	12.9740518962076	8.98203592814371	12.9740518962076	4.99001996007984	18.9620758483034	15.9680638722555	23.9520958083832	11.9760479041916	17.9640718562874	13.9720558882236	4.99001996007984	12.9740518962076	18.9620758483034	9.98003992015968	0	6.98602794411178	14.9700598802395	13.9720558882236	29.940119760479
chr4	41379010	41380011	1002	*	Region_301	3.99201596806387	6.98602794411178	3.99201596806387	3.99201596806387	52.8942115768463	42.9141716566866	14.9700598802395	13.9720558882236	13.9720558882236	20.9580838323353	3.99201596806387	13.9720558882236	9.98003992015968	19.9600798403194	8.98203592814371	19.9600798403194	12.9740518962076	3.99201596806387	6.98602794411178	17.9640718562874	9.98003992015968	10.9780439121756	9.98003992015968	10.9780439121756	18.9620758483034	22.9540918163673
chr4	41381914	41382915	1002	*	Region_302	18.9620758483034	47.9041916167665	0.998003992015968	0	28.9421157684631	29.940119760479	10.9780439121756	10.9780439121756	10.9780439121756	27.9441117764471	5.98802395209581	8.98203592814371	16.9660678642715	15.9680638722555	6.98602794411178	20.9580838323353	33.9321357285429	6.98602794411178	5.98802395209581	8.98203592814371	10.9780439121756	2.9940119760479	14.9700598802395	8.98203592814371	17.9640718562874	60.8782435129741
chr4	41386205	41387206	1002	*	Region_304	22.9540918163673	35.9281437125749	3.99201596806387	4.99001996007984	23.9520958083832	54.8902195608783	11.9760479041916	18.9620758483034	14.9700598802395	17.9640718562874	4.99001996007984	20.9580838323353	21.9560878243513	27.9441117764471	12.9740518962076	19.9600798403194	12.9740518962076	4.99001996007984	11.9760479041916	5.98802395209581	16.9660678642715	5.98802395209581	18.9620758483034	11.9760479041916	45.9081836327345	56.8862275449102
chr4	41391102	41392103	1002	*	Region_306	4.99001996007984	1.99600798403194	0	2.9940119760479	21.9560878243513	35.9281437125749	11.9760479041916	15.9680638722555	20.9580838323353	21.9560878243513	9.98003992015968	24.9500998003992	18.9620758483034	10.9780439121756	11.9760479041916	17.9640718562874	7.98403193612774	6.98602794411178	14.9700598802395	5.98802395209581	12.9740518962076	4.99001996007984	14.9700598802395	13.9720558882236	18.9620758483034	34.9301397205589
chr4	41395014	41396015	1002	*	Region_308	11.9760479041916	11.9760479041916	3.99201596806387	3.99201596806387	30.938123752495	35.9281437125749	8.98203592814371	7.98403193612774	18.9620758483034	14.9700598802395	8.98203592814371	17.9640718562874	15.9680638722555	22.9540918163673	13.9720558882236	19.9600798403194	18.9620758483034	5.98802395209581	7.98403193612774	9.98003992015968	7.98403193612774	2.9940119760479	9.98003992015968	4.99001996007984	14.9700598802395	28.9421157684631
chr4	41405007	41406008	1002	*	Region_312	0.998003992015968	3.99201596806387	2.9940119760479	2.9940119760479	5.98802395209581	30.938123752495	13.9720558882236	9.98003992015968	27.9441117764471	25.9481037924152	11.9760479041916	19.9600798403194	12.9740518962076	26.9461077844311	18.9620758483034	10.9780439121756	22.9540918163673	14.9700598802395	19.9600798403194	15.9680638722555	20.9580838323353	5.98802395209581	31.936127744511	14.9700598802395	31.936127744511	33.9321357285429
chr4	41413835	41414836	1002	*	Region_317	9.98003992015968	27.9441117764471	0	4.99001996007984	19.9600798403194	34.9301397205589	16.9660678642715	15.9680638722555	37.9241516966068	51.8962075848303	8.98203592814371	61.87624750499	29.940119760479	43.9121756487026	17.9640718562874	16.9660678642715	26.9461077844311	15.9680638722555	17.9640718562874	16.9660678642715	19.9600798403194	7.98403193612774	15.9680638722555	15.9680638722555	26.9461077844311	87.8243512974052
chr4	41426670	41427671	1002	*	Region_323	3.99201596806387	25.9481037924152	4.99001996007984	7.98403193612774	25.9481037924152	25.9481037924152	8.98203592814371	24.9500998003992	4.99001996007984	22.9540918163673	1.99600798403194	21.9560878243513	17.9640718562874	15.9680638722555	19.9600798403194	19.9600798403194	15.9680638722555	8.98203592814371	7.98403193612774	9.98003992015968	14.9700598802395	3.99201596806387	12.9740518962076	12.9740518962076	19.9600798403194	77.8443113772455
chr4	41433543	41434544	1002	*	Region_327	7.98403193612774	7.98403193612774	1.99600798403194	2.9940119760479	46.9061876247505	16.9660678642715	24.9500998003992	15.9680638722555	7.98403193612774	18.9620758483034	9.98003992015968	8.98203592814371	13.9720558882236	9.98003992015968	5.98802395209581	29.940119760479	16.9660678642715	6.98602794411178	3.99201596806387	5.98802395209581	14.9700598802395	7.98403193612774	14.9700598802395	10.9780439121756	23.9520958083832	62.874251497006
chr4	41448895	41449896	1002	*	Region_335	12.9740518962076	36.9261477045908	2.9940119760479	2.9940119760479	34.9301397205589	39.9201596806387	6.98602794411178	15.9680638722555	12.9740518962076	46.9061876247505	10.9780439121756	15.9680638722555	15.9680638722555	15.9680638722555	14.9700598802395	23.9520958083832	18.9620758483034	5.98802395209581	4.99001996007984	5.98802395209581	13.9720558882236	9.98003992015968	11.9760479041916	6.98602794411178	27.9441117764471	76.8463073852295
chr4	41451751	41452752	1002	*	Region_336	10.9780439121756	11.9760479041916	2.9940119760479	1.99600798403194	28.9421157684631	21.9560878243513	14.9700598802395	26.9461077844311	19.9600798403194	12.9740518962076	9.98003992015968	18.9620758483034	10.9780439121756	11.9760479041916	8.98203592814371	21.9560878243513	12.9740518962076	5.98802395209581	7.98403193612774	10.9780439121756	8.98203592814371	6.98602794411178	6.98602794411178	7.98403193612774	17.9640718562874	57.8842315369262
chr4	41494267	41495268	1002	*	Region_360	0.998003992015968	1.99600798403194	3.99201596806387	3.99201596806387	19.9600798403194	28.9421157684631	9.98003992015968	13.9720558882236	2.9940119760479	6.98602794411178	3.99201596806387	17.9640718562874	3.99201596806387	20.9580838323353	6.98602794411178	18.9620758483034	16.9660678642715	1.99600798403194	5.98802395209581	13.9720558882236	11.9760479041916	5.98802395209581	22.9540918163673	30.938123752495	19.9600798403194	29.940119760479
chr4	41500019	41501020	1002	*	Region_362	3.99201596806387	1.99600798403194	1.99600798403194	5.98802395209581	16.9660678642715	39.9201596806387	9.98003992015968	12.9740518962076	11.9760479041916	15.9680638722555	10.9780439121756	10.9780439121756	15.9680638722555	14.9700598802395	4.99001996007984	18.9620758483034	15.9680638722555	11.9760479041916	11.9760479041916	13.9720558882236	12.9740518962076	4.99001996007984	22.9540918163673	18.9620758483034	22.9540918163673	41.9161676646707
chr4	41503486	41504487	1002	*	Region_364	15.9680638722555	33.9321357285429	0	2.9940119760479	52.8942115768463	21.9560878243513	13.9720558882236	11.9760479041916	6.98602794411178	16.9660678642715	1.99600798403194	12.9740518962076	13.9720558882236	18.9620758483034	6.98602794411178	17.9640718562874	13.9720558882236	3.99201596806387	4.99001996007984	7.98403193612774	15.9680638722555	4.99001996007984	9.98003992015968	12.9740518962076	15.9680638722555	74.8502994011976
chr4	41514683	41515684	1002	*	Region_369	6.98602794411178	7.98403193612774	2.9940119760479	1.99600798403194	27.9441117764471	19.9600798403194	13.9720558882236	21.9560878243513	16.9660678642715	11.9760479041916	3.99201596806387	13.9720558882236	8.98203592814371	19.9600798403194	15.9680638722555	22.9540918163673	14.9700598802395	5.98802395209581	9.98003992015968	5.98802395209581	13.9720558882236	7.98403193612774	11.9760479041916	3.99201596806387	19.9600798403194	63.872255489022
chr4	41530729	41531730	1002	*	Region_375	3.99201596806387	4.99001996007984	1.99600798403194	6.98602794411178	44.9101796407186	39.9201596806387	9.98003992015968	14.9700598802395	6.98602794411178	10.9780439121756	9.98003992015968	10.9780439121756	16.9660678642715	14.9700598802395	15.9680638722555	15.9680638722555	15.9680638722555	2.9940119760479	10.9780439121756	7.98403193612774	14.9700598802395	0.998003992015968	19.9600798403194	8.98203592814371	14.9700598802395	38.9221556886228
chr4	41533822	41534823	1002	*	Region_378	4.99001996007984	9.98003992015968	3.99201596806387	3.99201596806387	40.9181636726547	28.9421157684631	6.98602794411178	9.98003992015968	12.9740518962076	13.9720558882236	0.998003992015968	16.9660678642715	25.9481037924152	21.9560878243513	17.9640718562874	23.9520958083832	20.9580838323353	6.98602794411178	11.9760479041916	18.9620758483034	15.9680638722555	4.99001996007984	17.9640718562874	13.9720558882236	21.9560878243513	41.9161676646707
chr4	41581818	41582819	1002	*	Region_402	0	0	2.9940119760479	1.99600798403194	12.9740518962076	38.9221556886228	10.9780439121756	14.9700598802395	12.9740518962076	17.9640718562874	6.98602794411178	10.9780439121756	29.940119760479	27.9441117764471	3.99201596806387	13.9720558882236	16.9660678642715	8.98203592814371	4.99001996007984	15.9680638722555	15.9680638722555	7.98403193612774	29.940119760479	15.9680638722555	31.936127744511	25.9481037924152
chr4	41587337	41588338	1002	*	Region_404	8.98203592814371	9.98003992015968	2.9940119760479	4.99001996007984	21.9560878243513	20.9580838323353	7.98403193612774	11.9760479041916	15.9680638722555	19.9600798403194	6.98602794411178	11.9760479041916	9.98003992015968	9.98003992015968	14.9700598802395	15.9680638722555	14.9700598802395	6.98602794411178	8.98203592814371	11.9760479041916	15.9680638722555	6.98602794411178	11.9760479041916	9.98003992015968	29.940119760479	32.9341317365269
chr4	41596432	41597433	1002	*	Region_410	6.98602794411178	16.9660678642715	0.998003992015968	0.998003992015968	30.938123752495	32.9341317365269	8.98203592814371	16.9660678642715	13.9720558882236	25.9481037924152	2.9940119760479	17.9640718562874	7.98403193612774	26.9461077844311	12.9740518962076	17.9640718562874	11.9760479041916	2.9940119760479	14.9700598802395	6.98602794411178	12.9740518962076	9.98003992015968	15.9680638722555	11.9760479041916	23.9520958083832	52.8942115768463
chr4	41605934	41606935	1002	*	Region_416	2.9940119760479	4.99001996007984	3.99201596806387	4.99001996007984	33.9321357285429	35.9281437125749	13.9720558882236	14.9700598802395	4.99001996007984	14.9700598802395	5.98802395209581	11.9760479041916	11.9760479041916	11.9760479041916	10.9780439121756	12.9740518962076	18.9620758483034	7.98403193612774	11.9760479041916	10.9780439121756	13.9720558882236	6.98602794411178	13.9720558882236	24.9500998003992	42.9141716566866	39.9201596806387
chr4	41616264	41617265	1002	*	Region_421	2.9940119760479	2.9940119760479	0.998003992015968	2.9940119760479	22.9540918163673	30.938123752495	21.9560878243513	13.9720558882236	5.98802395209581	14.9700598802395	2.9940119760479	16.9660678642715	10.9780439121756	8.98203592814371	8.98203592814371	14.9700598802395	10.9780439121756	3.99201596806387	7.98403193612774	7.98403193612774	13.9720558882236	3.99201596806387	9.98003992015968	13.9720558882236	15.9680638722555	25.9481037924152
chr4	41634175	41635176	1002	*	Region_430	9.98003992015968	16.9660678642715	0	3.99201596806387	21.9560878243513	36.9261477045908	14.9700598802395	18.9620758483034	14.9700598802395	11.9760479041916	5.98802395209581	9.98003992015968	6.98602794411178	8.98203592814371	13.9720558882236	18.9620758483034	22.9540918163673	2.9940119760479	7.98403193612774	9.98003992015968	12.9740518962076	5.98802395209581	15.9680638722555	10.9780439121756	15.9680638722555	57.8842315369262
chr4	41644975	41645976	1002	*	Region_435	6.98602794411178	28.9421157684631	0.998003992015968	5.98802395209581	62.874251497006	58.8822355289421	15.9680638722555	18.9620758483034	24.9500998003992	81.8363273453094	12.9740518962076	30.938123752495	26.9461077844311	32.9341317365269	22.9540918163673	25.9481037924152	41.9161676646707	15.9680638722555	12.9740518962076	16.9660678642715	23.9520958083832	3.99201596806387	46.9061876247505	32.9341317365269	134.730538922156	76.8463073852295
chr4	41654119	41655120	1002	*	Region_440	3.99201596806387	5.98802395209581	2.9940119760479	4.99001996007984	22.9540918163673	35.9281437125749	13.9720558882236	16.9660678642715	7.98403193612774	9.98003992015968	2.9940119760479	11.9760479041916	8.98203592814371	17.9640718562874	7.98403193612774	14.9700598802395	16.9660678642715	2.9940119760479	6.98602794411178	11.9760479041916	13.9720558882236	5.98802395209581	15.9680638722555	9.98003992015968	18.9620758483034	56.8862275449102
chr4	41660564	41661565	1002	*	Region_445	16.9660678642715	10.9780439121756	3.99201596806387	1.99600798403194	29.940119760479	35.9281437125749	138.72255489022	19.9600798403194	26.9461077844311	21.9560878243513	10.9780439121756	22.9540918163673	13.9720558882236	25.9481037924152	14.9700598802395	17.9640718562874	20.9580838323353	9.98003992015968	20.9580838323353	20.9580838323353	21.9560878243513	9.98003992015968	19.9600798403194	29.940119760479	26.9461077844311	62.874251497006
chr4	41661606	41662607	1002	*	Region_446	3.99201596806387	5.98802395209581	1.99600798403194	2.9940119760479	22.9540918163673	49.9001996007984	531.936127744511	14.9700598802395	30.938123752495	21.9560878243513	19.9600798403194	38.9221556886228	22.9540918163673	27.9441117764471	11.9760479041916	22.9540918163673	20.9580838323353	19.9600798403194	41.9161676646707	19.9600798403194	30.938123752495	14.9700598802395	24.9500998003992	16.9660678642715	36.9261477045908	103.792415169661
chr4	41673507	41674508	1002	*	Region_453	3.99201596806387	6.98602794411178	3.99201596806387	4.99001996007984	15.9680638722555	33.9321357285429	11.9760479041916	14.9700598802395	14.9700598802395	15.9680638722555	5.98802395209581	8.98203592814371	8.98203592814371	15.9680638722555	9.98003992015968	9.98003992015968	14.9700598802395	13.9720558882236	1.99600798403194	7.98403193612774	6.98602794411178	1.99600798403194	11.9760479041916	4.99001996007984	20.9580838323353	41.9161676646707
chr4	41679572	41680573	1002	*	Region_458	3.99201596806387	16.9660678642715	8.98203592814371	3.99201596806387	22.9540918163673	24.9500998003992	9.98003992015968	18.9620758483034	16.9660678642715	8.98203592814371	4.99001996007984	15.9680638722555	12.9740518962076	17.9640718562874	11.9760479041916	15.9680638722555	20.9580838323353	3.99201596806387	17.9640718562874	6.98602794411178	7.98403193612774	1.99600798403194	18.9620758483034	5.98802395209581	17.9640718562874	71.8562874251497
chr4	41682830	41683831	1002	*	Region_461	4.99001996007984	13.9720558882236	0.998003992015968	1.99600798403194	49.9001996007984	44.9101796407186	11.9760479041916	17.9640718562874	4.99001996007984	16.9660678642715	1.99600798403194	6.98602794411178	10.9780439121756	13.9720558882236	7.98403193612774	16.9660678642715	11.9760479041916	4.99001996007984	14.9700598802395	7.98403193612774	7.98403193612774	2.9940119760479	24.9500998003992	7.98403193612774	27.9441117764471	41.9161676646707
chr4	41685225	41686226	1002	*	Region_462	20.9580838323353	28.9421157684631	1.99600798403194	1.99600798403194	31.936127744511	46.9061876247505	13.9720558882236	18.9620758483034	13.9720558882236	7.98403193612774	7.98403193612774	11.9760479041916	8.98203592814371	12.9740518962076	11.9760479041916	13.9720558882236	12.9740518962076	18.9620758483034	24.9500998003992	14.9700598802395	13.9720558882236	5.98802395209581	14.9700598802395	15.9680638722555	27.9441117764471	49.9001996007984
chr4	41686871	41687872	1002	*	Region_463	319.36127744511	171.656686626747	3.99201596806387	2.9940119760479	74.8502994011976	42.9141716566866	18.9620758483034	17.9640718562874	18.9620758483034	17.9640718562874	3.99201596806387	12.9740518962076	19.9600798403194	11.9760479041916	20.9580838323353	10.9780439121756	33.9321357285429	15.9680638722555	30.938123752495	22.9540918163673	26.9461077844311	8.98203592814371	49.9001996007984	15.9680638722555	46.9061876247505	135.728542914172
chr4	41699770	41700771	1002	*	Region_471	8.98203592814371	5.98802395209581	2.9940119760479	5.98802395209581	21.9560878243513	33.9321357285429	19.9600798403194	15.9680638722555	12.9740518962076	19.9600798403194	5.98802395209581	16.9660678642715	11.9760479041916	18.9620758483034	14.9700598802395	21.9560878243513	22.9540918163673	12.9740518962076	8.98203592814371	10.9780439121756	9.98003992015968	6.98602794411178	12.9740518962076	14.9700598802395	22.9540918163673	54.8902195608783
chr4	41702208	41703209	1002	*	Region_472	6.98602794411178	4.99001996007984	1.99600798403194	3.99201596806387	20.9580838323353	31.936127744511	20.9580838323353	21.9560878243513	12.9740518962076	11.9760479041916	8.98203592814371	8.98203592814371	12.9740518962076	17.9640718562874	11.9760479041916	17.9640718562874	27.9441117764471	9.98003992015968	10.9780439121756	7.98403193612774	13.9720558882236	4.99001996007984	10.9780439121756	7.98403193612774	24.9500998003992	59.8802395209581
chr4	41713648	41714649	1002	*	Region_477	38.9221556886228	24.9500998003992	0.998003992015968	0	25.9481037924152	47.9041916167665	10.9780439121756	13.9720558882236	32.9341317365269	50.8982035928144	6.98602794411178	49.9001996007984	14.9700598802395	21.9560878243513	89.8203592814371	79.8403193612775	116.766467065868	30.938123752495	92.814371257485	38.9221556886228	24.9500998003992	12.9740518962076	219.560878243513	16.9660678642715	186.626746506986	52.8942115768463
chr4	41720373	41721374	1002	*	Region_481	0	3.99201596806387	5.98802395209581	4.99001996007984	38.9221556886228	23.9520958083832	8.98203592814371	4.99001996007984	7.98403193612774	11.9760479041916	6.98602794411178	14.9700598802395	5.98802395209581	15.9680638722555	13.9720558882236	14.9700598802395	22.9540918163673	5.98802395209581	3.99201596806387	10.9780439121756	13.9720558882236	6.98602794411178	18.9620758483034	7.98403193612774	19.9600798403194	23.9520958083832
chr4	41727519	41728520	1002	*	Region_484	6.98602794411178	19.9600798403194	3.99201596806387	2.9940119760479	78.8423153692615	51.8962075848303	14.9700598802395	20.9580838323353	49.9001996007984	355.289421157685	58.8822355289421	91.8163672654691	69.8602794411178	87.8243512974052	63.872255489022	49.9001996007984	237.5249500998	76.8463073852295	52.8942115768463	30.938123752495	27.9441117764471	18.9620758483034	28.9421157684631	27.9441117764471	86.8263473053892	76.8463073852295
chr4	41729601	41730602	1002	*	Region_486	2.9940119760479	12.9740518962076	0.998003992015968	3.99201596806387	32.9341317365269	45.9081836327345	14.9700598802395	23.9520958083832	15.9680638722555	34.9301397205589	14.9700598802395	32.9341317365269	21.9560878243513	27.9441117764471	15.9680638722555	49.9001996007984	51.8962075848303	23.9520958083832	18.9620758483034	9.98003992015968	22.9540918163673	4.99001996007984	19.9600798403194	12.9740518962076	23.9520958083832	51.8962075848303
chr4	41731863	41732864	1002	*	Region_487	23.9520958083832	39.9201596806387	4.99001996007984	3.99201596806387	88.8223552894212	60.8782435129741	17.9640718562874	11.9760479041916	25.9481037924152	187.624750499002	23.9520958083832	94.810379241517	41.9161676646707	57.8842315369262	72.8542914171657	52.8942115768463	241.516966067864	64.8702594810379	63.872255489022	53.8922155688623	46.9061876247505	12.9740518962076	47.9041916167665	38.9221556886228	264.471057884232	128.74251497006
chr4	41738014	41739015	1002	*	Region_489	4.99001996007984	9.98003992015968	5.98802395209581	4.99001996007984	32.9341317365269	32.9341317365269	9.98003992015968	11.9760479041916	21.9560878243513	109.780439121757	8.98203592814371	64.8702594810379	29.940119760479	32.9341317365269	48.9021956087824	42.9141716566866	136.726546906188	32.9341317365269	55.8882235528942	35.9281437125749	29.940119760479	8.98203592814371	38.9221556886228	18.9620758483034	46.9061876247505	35.9281437125749
chr4	41740135	41741136	1002	*	Region_490	21.9560878243513	20.9580838323353	1.99600798403194	3.99201596806387	38.9221556886228	23.9520958083832	20.9580838323353	19.9600798403194	18.9620758483034	56.8862275449102	10.9780439121756	35.9281437125749	24.9500998003992	41.9161676646707	58.8822355289421	45.9081836327345	172.654690618762	49.9001996007984	65.8682634730539	35.9281437125749	41.9161676646707	20.9580838323353	55.8882235528942	21.9560878243513	141.716566866267	79.8403193612775
chr4	41743056	41744057	1002	*	Region_492	150.698602794411	96.8063872255489	39.9201596806387	4.99001996007984	75.8483033932136	21.9560878243513	16.9660678642715	22.9540918163673	9.98003992015968	25.9481037924152	15.9680638722555	19.9600798403194	21.9560878243513	25.9481037924152	29.940119760479	32.9341317365269	37.9241516966068	20.9580838323353	14.9700598802395	15.9680638722555	33.9321357285429	8.98203592814371	21.9560878243513	15.9680638722555	35.9281437125749	99.8003992015968
chr4	41745849	41746850	1002	*	Region_493	486.027944111777	1.99600798403194	702.594810379242	4.99001996007984	63.872255489022	15.9680638722555	15.9680638722555	40.9181636726547	8.98203592814371	15.9680638722555	8.98203592814371	15.9680638722555	15.9680638722555	15.9680638722555	20.9580838323353	28.9421157684631	42.9141716566866	28.9421157684631	10.9780439121756	11.9760479041916	22.9540918163673	7.98403193612774	2.9940119760479	6.98602794411178	10.9780439121756	113.77245508982
chr4	41750231	41751232	1002	*	Region_494	639.720558882236	49.9001996007984	78.8423153692615	7.98403193612774	91.8163672654691	36.9261477045908	40.9181636726547	55.8882235528942	21.9560878243513	126.746506986028	53.8922155688623	51.8962075848303	53.8922155688623	28.9421157684631	59.8802395209581	52.8942115768463	128.74251497006	112.774451097804	52.8942115768463	46.9061876247505	52.8942115768463	26.9461077844311	59.8802395209581	19.9600798403194	62.874251497006	252.49500998004
chr4	41753635	41754636	1002	*	Region_495	198.602794411178	119.760479041916	3.99201596806387	8.98203592814371	34.9301397205589	45.9081836327345	23.9520958083832	11.9760479041916	89.8203592814371	283.433133732535	28.9421157684631	126.746506986028	46.9061876247505	53.8922155688623	45.9081836327345	41.9161676646707	88.8223552894212	25.9481037924152	62.874251497006	28.9421157684631	34.9301397205589	19.9600798403194	117.764471057884	17.9640718562874	191.616766467066	150.698602794411
chr4	41754939	41755940	1002	*	Region_496	66.8662674650699	55.8882235528942	6.98602794411178	3.99201596806387	37.9241516966068	44.9101796407186	12.9740518962076	20.9580838323353	15.9680638722555	40.9181636726547	6.98602794411178	26.9461077844311	23.9520958083832	28.9421157684631	25.9481037924152	25.9481037924152	30.938123752495	13.9720558882236	16.9660678642715	15.9680638722555	19.9600798403194	8.98203592814371	19.9600798403194	24.9500998003992	25.9481037924152	75.8483033932136
chr4	41758016	41759017	1002	*	Region_498	20.9580838323353	14.9700598802395	1.99600798403194	5.98802395209581	19.9600798403194	41.9161676646707	6.98602794411178	12.9740518962076	15.9680638722555	22.9540918163673	8.98203592814371	30.938123752495	18.9620758483034	16.9660678642715	16.9660678642715	14.9700598802395	25.9481037924152	10.9780439121756	16.9660678642715	16.9660678642715	25.9481037924152	14.9700598802395	15.9680638722555	9.98003992015968	29.940119760479	45.9081836327345
chr4	41760568	41761569	1002	*	Region_499	4.99001996007984	2.9940119760479	3.99201596806387	5.98802395209581	56.8862275449102	30.938123752495	16.9660678642715	14.9700598802395	9.98003992015968	25.9481037924152	5.98802395209581	11.9760479041916	5.98802395209581	18.9620758483034	11.9760479041916	24.9500998003992	24.9500998003992	8.98203592814371	15.9680638722555	12.9740518962076	13.9720558882236	6.98602794411178	15.9680638722555	8.98203592814371	11.9760479041916	11.9760479041916
chr4	41771198	41772199	1002	*	Region_504	0.998003992015968	0.998003992015968	2.9940119760479	0.998003992015968	21.9560878243513	27.9441117764471	8.98203592814371	16.9660678642715	14.9700598802395	12.9740518962076	5.98802395209581	13.9720558882236	7.98403193612774	11.9760479041916	5.98802395209581	18.9620758483034	21.9560878243513	14.9700598802395	9.98003992015968	6.98602794411178	13.9720558882236	7.98403193612774	15.9680638722555	20.9580838323353	25.9481037924152	35.9281437125749
chr4	41774271	41775272	1002	*	Region_506	5.98802395209581	15.9680638722555	5.98802395209581	4.99001996007984	10.9780439121756	44.9101796407186	7.98403193612774	13.9720558882236	25.9481037924152	23.9520958083832	10.9780439121756	15.9680638722555	15.9680638722555	18.9620758483034	21.9560878243513	21.9560878243513	19.9600798403194	15.9680638722555	18.9620758483034	14.9700598802395	29.940119760479	6.98602794411178	34.9301397205589	23.9520958083832	26.9461077844311	48.9021956087824
chr4	41778313	41779314	1002	*	Region_509	4.99001996007984	4.99001996007984	0.998003992015968	2.9940119760479	33.9321357285429	23.9520958083832	7.98403193612774	8.98203592814371	12.9740518962076	12.9740518962076	3.99201596806387	15.9680638722555	11.9760479041916	19.9600798403194	11.9760479041916	13.9720558882236	13.9720558882236	14.9700598802395	14.9700598802395	15.9680638722555	15.9680638722555	8.98203592814371	19.9600798403194	10.9780439121756	25.9481037924152	27.9441117764471
chr4	41781771	41782772	1002	*	Region_511	35.9281437125749	14.9700598802395	2.9940119760479	1.99600798403194	23.9520958083832	27.9441117764471	7.98403193612774	14.9700598802395	18.9620758483034	25.9481037924152	3.99201596806387	15.9680638722555	16.9660678642715	14.9700598802395	10.9780439121756	20.9580838323353	32.9341317365269	15.9680638722555	22.9540918163673	15.9680638722555	16.9660678642715	7.98403193612774	32.9341317365269	9.98003992015968	23.9520958083832	59.8802395209581
chr4	41784442	41785443	1002	*	Region_512	430.139720558882	140.718562874251	7.98403193612774	6.98602794411178	513.972055888224	282.435129740519	36.9261477045908	10.9780439121756	215.568862275449	310.379241516966	45.9081836327345	502.994011976048	129.740518962076	161.676646706587	88.8223552894212	82.8343313373254	95.8083832335329	79.8403193612775	209.580838323353	84.8303393213573	67.8642714570858	27.9441117764471	785.429141716567	109.780439121757	346.307385229541	788.423153692615
chr4	41787872	41788873	1002	*	Region_514	157.684630738523	142.714570858283	4.99001996007984	3.99201596806387	69.8602794411178	53.8922155688623	22.9540918163673	22.9540918163673	23.9520958083832	60.8782435129741	6.98602794411178	37.9241516966068	34.9301397205589	16.9660678642715	23.9520958083832	26.9461077844311	79.8403193612775	38.9221556886228	27.9441117764471	33.9321357285429	24.9500998003992	21.9560878243513	24.9500998003992	17.9640718562874	37.9241516966068	151.696606786427
chr4	41796566	41797567	1002	*	Region_520	114.770459081836	145.708582834331	4.99001996007984	6.98602794411178	57.8842315369262	43.9121756487026	21.9560878243513	18.9620758483034	27.9441117764471	74.8502994011976	14.9700598802395	31.936127744511	23.9520958083832	28.9421157684631	28.9421157684631	26.9461077844311	77.8443113772455	35.9281437125749	31.936127744511	25.9481037924152	39.9201596806387	11.9760479041916	24.9500998003992	10.9780439121756	59.8802395209581	105.788423153693
chr4	41805459	41806460	1002	*	Region_524	35.9281437125749	48.9021956087824	3.99201596806387	3.99201596806387	55.8882235528942	46.9061876247505	16.9660678642715	21.9560878243513	12.9740518962076	49.9001996007984	13.9720558882236	33.9321357285429	14.9700598802395	34.9301397205589	24.9500998003992	25.9481037924152	57.8842315369262	35.9281437125749	28.9421157684631	30.938123752495	37.9241516966068	15.9680638722555	23.9520958083832	22.9540918163673	88.8223552894212	98.8023952095809
chr4	41806429	41807430	1002	*	Region_525	7.98403193612774	17.9640718562874	1.99600798403194	6.98602794411178	39.9201596806387	39.9201596806387	21.9560878243513	15.9680638722555	12.9740518962076	22.9540918163673	3.99201596806387	21.9560878243513	11.9760479041916	10.9780439121756	21.9560878243513	14.9700598802395	30.938123752495	15.9680638722555	17.9640718562874	10.9780439121756	20.9580838323353	7.98403193612774	28.9421157684631	8.98203592814371	27.9441117764471	47.9041916167665
chr4	41809353	41810354	1002	*	Region_527	7.98403193612774	5.98802395209581	2.9940119760479	4.99001996007984	36.9261477045908	26.9461077844311	2.9940119760479	12.9740518962076	15.9680638722555	16.9660678642715	7.98403193612774	8.98203592814371	18.9620758483034	14.9700598802395	13.9720558882236	19.9600798403194	26.9461077844311	13.9720558882236	11.9760479041916	12.9740518962076	12.9740518962076	11.9760479041916	23.9520958083832	21.9560878243513	19.9600798403194	29.940119760479
chr4	41817761	41818762	1002	*	Region_530	20.9580838323353	25.9481037924152	0.998003992015968	6.98602794411178	23.9520958083832	51.8962075848303	13.9720558882236	7.98403193612774	14.9700598802395	18.9620758483034	6.98602794411178	15.9680638722555	17.9640718562874	17.9640718562874	31.936127744511	24.9500998003992	33.9321357285429	11.9760479041916	14.9700598802395	14.9700598802395	21.9560878243513	4.99001996007984	11.9760479041916	12.9740518962076	26.9461077844311	55.8882235528942
chr4	41824079	41825080	1002	*	Region_531	93.812375249501	71.8562874251497	3.99201596806387	4.99001996007984	44.9101796407186	50.8982035928144	17.9640718562874	10.9780439121756	31.936127744511	30.938123752495	6.98602794411178	35.9281437125749	31.936127744511	33.9321357285429	15.9680638722555	27.9441117764471	36.9261477045908	18.9620758483034	27.9441117764471	19.9600798403194	25.9481037924152	11.9760479041916	31.936127744511	22.9540918163673	20.9580838323353	32.9341317365269
chr4	41826490	41827491	1002	*	Region_533	28.9421157684631	5.98802395209581	0	5.98802395209581	31.936127744511	48.9021956087824	14.9700598802395	13.9720558882236	17.9640718562874	23.9520958083832	6.98602794411178	12.9740518962076	8.98203592814371	18.9620758483034	13.9720558882236	13.9720558882236	22.9540918163673	3.99201596806387	14.9700598802395	12.9740518962076	16.9660678642715	8.98203592814371	17.9640718562874	12.9740518962076	26.9461077844311	14.9700598802395
chr4	41828776	41829777	1002	*	Region_535	15.9680638722555	4.99001996007984	3.99201596806387	1.99600798403194	24.9500998003992	21.9560878243513	12.9740518962076	13.9720558882236	20.9580838323353	17.9640718562874	10.9780439121756	26.9461077844311	16.9660678642715	12.9740518962076	25.9481037924152	26.9461077844311	16.9660678642715	11.9760479041916	15.9680638722555	2.9940119760479	16.9660678642715	8.98203592814371	13.9720558882236	12.9740518962076	34.9301397205589	51.8962075848303
chr4	41833125	41834126	1002	*	Region_537	107.784431137725	52.8942115768463	0.998003992015968	4.99001996007984	56.8862275449102	69.8602794411178	8.98203592814371	13.9720558882236	18.9620758483034	49.9001996007984	18.9620758483034	30.938123752495	24.9500998003992	41.9161676646707	23.9520958083832	18.9620758483034	36.9261477045908	21.9560878243513	14.9700598802395	17.9640718562874	18.9620758483034	8.98203592814371	20.9580838323353	21.9560878243513	18.9620758483034	55.8882235528942
chr4	41836951	41837952	1002	*	Region_538	96.8063872255489	63.872255489022	1.99600798403194	5.98802395209581	52.8942115768463	52.8942115768463	11.9760479041916	15.9680638722555	24.9500998003992	42.9141716566866	12.9740518962076	29.940119760479	17.9640718562874	23.9520958083832	21.9560878243513	16.9660678642715	31.936127744511	26.9461077844311	15.9680638722555	7.98403193612774	22.9540918163673	8.98203592814371	20.9580838323353	16.9660678642715	29.940119760479	56.8862275449102
chr4	41838213	41839214	1002	*	Region_539	112.774451097804	85.8283433133733	0	6.98602794411178	470.059880239521	449.101796407186	22.9540918163673	12.9740518962076	48.9021956087824	119.760479041916	15.9680638722555	84.8303393213573	39.9201596806387	76.8463073852295	22.9540918163673	43.9121756487026	60.8782435129741	22.9540918163673	43.9121756487026	31.936127744511	28.9421157684631	12.9740518962076	184.630738522954	129.740518962076	294.411177644711	303.393213572854
chr4	41840716	41841717	1002	*	Region_542	22.9540918163673	37.9241516966068	1.99600798403194	4.99001996007984	19.9600798403194	36.9261477045908	25.9481037924152	14.9700598802395	16.9660678642715	22.9540918163673	6.98602794411178	19.9600798403194	16.9660678642715	22.9540918163673	17.9640718562874	16.9660678642715	16.9660678642715	5.98802395209581	19.9600798403194	10.9780439121756	16.9660678642715	7.98403193612774	29.940119760479	6.98602794411178	26.9461077844311	29.940119760479
chr4	41846473	41847474	1002	*	Region_547	29.940119760479	23.9520958083832	1.99600798403194	1.99600798403194	20.9580838323353	24.9500998003992	20.9580838323353	14.9700598802395	41.9161676646707	28.9421157684631	14.9700598802395	23.9520958083832	14.9700598802395	25.9481037924152	18.9620758483034	26.9461077844311	28.9421157684631	13.9720558882236	47.9041916167665	17.9640718562874	17.9640718562874	7.98403193612774	31.936127744511	14.9700598802395	22.9540918163673	32.9341317365269
chr4	41856771	41857772	1002	*	Region_553	335.329341317365	85.8283433133733	10.9780439121756	16.9660678642715	214.570858283433	103.792415169661	51.8962075848303	25.9481037924152	618.7624750499	1523.95209580838	165.668662674651	1151.69660678643	372.255489021956	162.674650698603	153.692614770459	123.75249500998	361.27744510978	153.692614770459	444.111776447106	62.874251497006	90.8183632734531	48.9021956087824	1145.70858283433	35.9281437125749	715.568862275449	1009.98003992016
chr4	41863026	41864027	1002	*	Region_557	484.031936127745	114.770459081836	7.98403193612774	9.98003992015968	524.950099800399	152.694610778443	36.9261477045908	14.9700598802395	98.8023952095809	800.399201596806	72.8542914171657	426.147704590818	154.690618762475	170.658682634731	124.750499001996	84.8303393213573	251.497005988024	113.77245508982	81.8363273453094	69.8602794411178	60.8782435129741	46.9061876247505	62.874251497006	52.8942115768463	171.656686626747	503.992015968064
chr4	41866610	41867611	1002	*	Region_559	194.610778443114	56.8862275449102	0.998003992015968	6.98602794411178	51.8962075848303	17.9640718562874	9.98003992015968	11.9760479041916	40.9181636726547	72.8542914171657	24.9500998003992	57.8842315369262	33.9321357285429	25.9481037924152	45.9081836327345	42.9141716566866	74.8502994011976	87.8243512974052	25.9481037924152	31.936127744511	46.9061876247505	15.9680638722555	1.99600798403194	6.98602794411178	19.9600798403194	58.8822355289421
chr4	41873643	41874644	1002	*	Region_561	954.091816367266	192.614770459082	25.9481037924152	13.9720558882236	906.187624750499	267.465069860279	54.8902195608783	38.9221556886228	339.321357285429	2800.39920159681	155.688622754491	1771.45708582834	453.09381237525	329.341317365269	372.255489021956	337.325349301397	1174.65069860279	266.467065868264	262.4750499002	289.421157684631	222.554890219561	354.291417165669	580.838323353293	122.754491017964	1364.27145708583	969.061876247505
chr4	41878375	41879376	1002	*	Region_562	1265.46906187625	159.680638722555	204.590818363273	3.99201596806387	129.740518962076	24.9500998003992	19.9600798403194	33.9321357285429	53.8922155688623	223.552894211577	42.9141716566866	125.748502994012	70.8582834331337	59.8802395209581	43.9121756487026	45.9081836327345	117.764471057884	92.814371257485	26.9461077844311	28.9421157684631	48.9021956087824	30.938123752495	19.9600798403194	17.9640718562874	30.938123752495	317.365269461078
chr4	41881164	41882165	1002	*	Region_563	1813.37325349301	3.99201596806387	1784.43113772455	2.9940119760479	76.8463073852295	9.98003992015968	30.938123752495	59.8802395209581	30.938123752495	91.8163672654691	19.9600798403194	79.8403193612775	58.8822355289421	30.938123752495	28.9421157684631	37.9241516966068	74.8502994011976	72.8542914171657	22.9540918163673	51.8962075848303	57.8842315369262	14.9700598802395	26.9461077844311	15.9680638722555	29.940119760479	269.461077844311
chr4	41884975	41885976	1002	*	Region_564	563.872255489022	191.616766467066	6.98602794411178	9.98003992015968	861.27744510978	357.285429141717	38.9221556886228	28.9421157684631	55.8882235528942	754.491017964072	61.87624750499	147.704590818363	90.8183632734531	141.716566866267	53.8922155688623	55.8882235528942	367.265469061876	98.8023952095809	65.8682634730539	53.8922155688623	69.8602794411178	31.936127744511	99.8003992015968	78.8423153692615	382.235528942116	352.295409181637
chr4	41887825	41888826	1002	*	Region_565	129.740518962076	108.782435129741	1.99600798403194	2.9940119760479	330.339321357285	227.544910179641	298.403193612774	25.9481037924152	70.8582834331337	95.8083832335329	33.9321357285429	80.8383233532934	63.872255489022	86.8263473053892	44.9101796407186	38.9221556886228	37.9241516966068	36.9261477045908	102.794411177645	46.9061876247505	46.9061876247505	18.9620758483034	38.9221556886228	22.9540918163673	56.8862275449102	215.568862275449
chr4	41892920	41893921	1002	*	Region_566	4.99001996007984	11.9760479041916	0	2.9940119760479	24.9500998003992	28.9421157684631	7.98403193612774	24.9500998003992	7.98403193612774	14.9700598802395	4.99001996007984	7.98403193612774	12.9740518962076	14.9700598802395	10.9780439121756	18.9620758483034	18.9620758483034	5.98802395209581	3.99201596806387	5.98802395209581	14.9700598802395	12.9740518962076	13.9720558882236	16.9660678642715	12.9740518962076	41.9161676646707
chr4	41923353	41924354	1002	*	Region_577	0.998003992015968	2.9940119760479	1.99600798403194	3.99201596806387	22.9540918163673	19.9600798403194	8.98203592814371	13.9720558882236	3.99201596806387	12.9740518962076	1.99600798403194	5.98802395209581	8.98203592814371	8.98203592814371	8.98203592814371	20.9580838323353	15.9680638722555	6.98602794411178	7.98403193612774	9.98003992015968	18.9620758483034	4.99001996007984	11.9760479041916	11.9760479041916	15.9680638722555	46.9061876247505
chr4	41924990	41925991	1002	*	Region_578	0.998003992015968	3.99201596806387	1.99600798403194	5.98802395209581	21.9560878243513	21.9560878243513	10.9780439121756	8.98203592814371	19.9600798403194	13.9720558882236	5.98802395209581	8.98203592814371	8.98203592814371	9.98003992015968	14.9700598802395	11.9760479041916	9.98003992015968	5.98802395209581	10.9780439121756	7.98403193612774	11.9760479041916	7.98403193612774	13.9720558882236	6.98602794411178	20.9580838323353	36.9261477045908
chr4	41927646	41928647	1002	*	Region_579	2.9940119760479	2.9940119760479	0	4.99001996007984	44.9101796407186	34.9301397205589	11.9760479041916	22.9540918163673	8.98203592814371	15.9680638722555	5.98802395209581	6.98602794411178	9.98003992015968	4.99001996007984	14.9700598802395	18.9620758483034	11.9760479041916	6.98602794411178	8.98203592814371	10.9780439121756	18.9620758483034	7.98403193612774	18.9620758483034	10.9780439121756	22.9540918163673	20.9580838323353
chr4	41935121	41936122	1002	*	Region_582	290.419161676647	5.98802395209581	1282.43512974052	5.98802395209581	273.453093812375	44.9101796407186	44.9101796407186	11.9760479041916	38.9221556886228	71.8562874251497	61.87624750499	52.8942115768463	82.8343313373254	67.8642714570858	26.9461077844311	33.9321357285429	49.9001996007984	88.8223552894212	17.9640718562874	27.9441117764471	52.8942115768463	13.9720558882236	19.9600798403194	19.9600798403194	43.9121756487026	462.075848303393
chr4	41981123	41982124	1002	*	Region_603	1.99600798403194	2.9940119760479	0	10.9780439121756	27.9441117764471	17.9640718562874	13.9720558882236	4.99001996007984	8.98203592814371	4.99001996007984	1.99600798403194	5.98802395209581	2.9940119760479	9.98003992015968	8.98203592814371	17.9640718562874	24.9500998003992	0.998003992015968	2.9940119760479	3.99201596806387	14.9700598802395	4.99001996007984	9.98003992015968	7.98403193612774	10.9780439121756	60.8782435129741
chr4	41990573	41991574	1002	*	Region_609	238.522954091816	30.938123752495	1073.85229540918	5.98802395209581	104.790419161677	38.9221556886228	64.8702594810379	13.9720558882236	16.9660678642715	62.874251497006	14.9700598802395	26.9461077844311	39.9201596806387	50.8982035928144	16.9660678642715	15.9680638722555	29.940119760479	45.9081836327345	13.9720558882236	15.9680638722555	30.938123752495	15.9680638722555	6.98602794411178	12.9740518962076	20.9580838323353	370.259481037924
chr4	41994035	41995036	1002	*	Region_610	0.998003992015968	10.9780439121756	1.99600798403194	2.9940119760479	20.9580838323353	28.9421157684631	34.9301397205589	16.9660678642715	21.9560878243513	17.9640718562874	5.98802395209581	11.9760479041916	16.9660678642715	29.940119760479	18.9620758483034	16.9660678642715	12.9740518962076	11.9760479041916	6.98602794411178	10.9780439121756	20.9580838323353	7.98403193612774	6.98602794411178	11.9760479041916	23.9520958083832	15.9680638722555
chr4	42001843	42002844	1002	*	Region_613	3.99201596806387	2.9940119760479	5.98802395209581	0	8.98203592814371	26.9461077844311	4.99001996007984	14.9700598802395	17.9640718562874	12.9740518962076	2.9940119760479	7.98403193612774	20.9580838323353	15.9680638722555	10.9780439121756	17.9640718562874	10.9780439121756	7.98403193612774	20.9580838323353	17.9640718562874	16.9660678642715	6.98602794411178	38.9221556886228	16.9660678642715	20.9580838323353	16.9660678642715
chr4	42020260	42021261	1002	*	Region_620	0.998003992015968	11.9760479041916	2.9940119760479	0.998003992015968	10.9780439121756	32.9341317365269	6.98602794411178	9.98003992015968	16.9660678642715	11.9760479041916	7.98403193612774	8.98203592814371	10.9780439121756	26.9461077844311	19.9600798403194	14.9700598802395	9.98003992015968	5.98802395209581	36.9261477045908	15.9680638722555	17.9640718562874	9.98003992015968	20.9580838323353	17.9640718562874	28.9421157684631	25.9481037924152
chr4	42029414	42030415	1002	*	Region_623	7.98403193612774	30.938123752495	0.998003992015968	2.9940119760479	32.9341317365269	36.9261477045908	11.9760479041916	12.9740518962076	12.9740518962076	36.9261477045908	5.98802395209581	19.9600798403194	4.99001996007984	20.9580838323353	7.98403193612774	10.9780439121756	15.9680638722555	3.99201596806387	7.98403193612774	3.99201596806387	14.9700598802395	5.98802395209581	12.9740518962076	22.9540918163673	18.9620758483034	39.9201596806387
chr4	42039818	42040819	1002	*	Region_628	0.998003992015968	0.998003992015968	3.99201596806387	1.99600798403194	20.9580838323353	33.9321357285429	10.9780439121756	3.99201596806387	15.9680638722555	13.9720558882236	4.99001996007984	8.98203592814371	9.98003992015968	12.9740518962076	8.98203592814371	16.9660678642715	17.9640718562874	6.98602794411178	7.98403193612774	7.98403193612774	21.9560878243513	8.98203592814371	10.9780439121756	14.9700598802395	12.9740518962076	33.9321357285429
chr4	42071532	42072533	1002	*	Region_640	1.99600798403194	0.998003992015968	3.99201596806387	2.9940119760479	23.9520958083832	44.9101796407186	7.98403193612774	13.9720558882236	16.9660678642715	13.9720558882236	3.99201596806387	12.9740518962076	9.98003992015968	18.9620758483034	6.98602794411178	18.9620758483034	8.98203592814371	9.98003992015968	25.9481037924152	11.9760479041916	21.9560878243513	8.98203592814371	23.9520958083832	15.9680638722555	25.9481037924152	16.9660678642715
chr4	42110110	42111111	1002	*	Region_654	0.998003992015968	0	3.99201596806387	3.99201596806387	21.9560878243513	34.9301397205589	6.98602794411178	16.9660678642715	10.9780439121756	10.9780439121756	9.98003992015968	15.9680638722555	9.98003992015968	16.9660678642715	27.9441117764471	18.9620758483034	8.98203592814371	6.98602794411178	19.9600798403194	6.98602794411178	18.9620758483034	6.98602794411178	10.9780439121756	9.98003992015968	22.9540918163673	16.9660678642715
chr4	42134127	42135128	1002	*	Region_663	2.9940119760479	14.9700598802395	1.99600798403194	5.98802395209581	30.938123752495	28.9421157684631	12.9740518962076	21.9560878243513	5.98802395209581	11.9760479041916	3.99201596806387	10.9780439121756	5.98802395209581	9.98003992015968	3.99201596806387	16.9660678642715	17.9640718562874	10.9780439121756	13.9720558882236	13.9720558882236	16.9660678642715	5.98802395209581	21.9560878243513	16.9660678642715	17.9640718562874	47.9041916167665
chr4	42138819	42139820	1002	*	Region_664	1.99600798403194	0.998003992015968	1.99600798403194	4.99001996007984	15.9680638722555	17.9640718562874	4.99001996007984	14.9700598802395	20.9580838323353	9.98003992015968	3.99201596806387	12.9740518962076	11.9760479041916	19.9600798403194	5.98802395209581	12.9740518962076	15.9680638722555	4.99001996007984	9.98003992015968	7.98403193612774	15.9680638722555	7.98403193612774	20.9580838323353	8.98203592814371	11.9760479041916	33.9321357285429
chr4	42147315	42148316	1002	*	Region_668	20.9580838323353	44.9101796407186	14.9700598802395	4.99001996007984	23.9520958083832	29.940119760479	7.98403193612774	23.9520958083832	21.9560878243513	19.9600798403194	7.98403193612774	14.9700598802395	17.9640718562874	6.98602794411178	15.9680638722555	17.9640718562874	18.9620758483034	6.98602794411178	17.9640718562874	11.9760479041916	17.9640718562874	9.98003992015968	28.9421157684631	22.9540918163673	27.9441117764471	45.9081836327345
chr4	42148808	42149809	1002	*	Region_669	101.796407185629	33.9321357285429	76.8463073852295	2.9940119760479	34.9301397205589	47.9041916167665	14.9700598802395	34.9301397205589	34.9301397205589	49.9001996007984	24.9500998003992	28.9421157684631	20.9580838323353	31.936127744511	14.9700598802395	15.9680638722555	22.9540918163673	13.9720558882236	13.9720558882236	8.98203592814371	19.9600798403194	5.98802395209581	32.9341317365269	11.9760479041916	27.9441117764471	217.564870259481
chr4	42152605	42153606	1002	*	Region_671	200.59880239521	69.8602794411178	220.558882235529	4.99001996007984	67.8642714570858	15.9680638722555	39.9201596806387	38.9221556886228	19.9600798403194	34.9301397205589	9.98003992015968	33.9321357285429	27.9441117764471	27.9441117764471	19.9600798403194	22.9540918163673	23.9520958083832	36.9261477045908	11.9760479041916	17.9640718562874	21.9560878243513	8.98203592814371	15.9680638722555	16.9660678642715	26.9461077844311	213.572854291417
chr4	42164965	42165966	1002	*	Region_676	0.998003992015968	2.9940119760479	0.998003992015968	0.998003992015968	23.9520958083832	33.9321357285429	9.98003992015968	11.9760479041916	7.98403193612774	10.9780439121756	3.99201596806387	13.9720558882236	4.99001996007984	8.98203592814371	8.98203592814371	9.98003992015968	12.9740518962076	3.99201596806387	9.98003992015968	4.99001996007984	12.9740518962076	2.9940119760479	12.9740518962076	2.9940119760479	21.9560878243513	21.9560878243513
chr4	42172321	42173322	1002	*	Region_679	0.998003992015968	2.9940119760479	1.99600798403194	2.9940119760479	33.9321357285429	17.9640718562874	10.9780439121756	15.9680638722555	5.98802395209581	9.98003992015968	1.99600798403194	18.9620758483034	9.98003992015968	4.99001996007984	11.9760479041916	10.9780439121756	11.9760479041916	10.9780439121756	9.98003992015968	10.9780439121756	5.98802395209581	1.99600798403194	23.9520958083832	3.99201596806387	16.9660678642715	47.9041916167665
chr4	42184049	42185050	1002	*	Region_687	0	4.99001996007984	2.9940119760479	5.98802395209581	28.9421157684631	28.9421157684631	6.98602794411178	18.9620758483034	12.9740518962076	12.9740518962076	1.99600798403194	15.9680638722555	9.98003992015968	19.9600798403194	10.9780439121756	11.9760479041916	10.9780439121756	7.98403193612774	10.9780439121756	7.98403193612774	16.9660678642715	7.98403193612774	11.9760479041916	12.9740518962076	14.9700598802395	30.938123752495
chr4	42190359	42191360	1002	*	Region_691	0	2.9940119760479	2.9940119760479	6.98602794411178	14.9700598802395	26.9461077844311	10.9780439121756	7.98403193612774	2.9940119760479	12.9740518962076	5.98802395209581	9.98003992015968	3.99201596806387	16.9660678642715	15.9680638722555	12.9740518962076	16.9660678642715	5.98802395209581	2.9940119760479	13.9720558882236	9.98003992015968	6.98602794411178	11.9760479041916	17.9640718562874	29.940119760479	39.9201596806387
chr4	42192516	42193517	1002	*	Region_692	1.99600798403194	0.998003992015968	0	2.9940119760479	22.9540918163673	28.9421157684631	16.9660678642715	11.9760479041916	23.9520958083832	10.9780439121756	5.98802395209581	10.9780439121756	10.9780439121756	15.9680638722555	13.9720558882236	13.9720558882236	17.9640718562874	6.98602794411178	19.9600798403194	7.98403193612774	16.9660678642715	4.99001996007984	14.9700598802395	8.98203592814371	28.9421157684631	25.9481037924152
chr4	42200616	42201617	1002	*	Region_698	0.998003992015968	0.998003992015968	1.99600798403194	3.99201596806387	27.9441117764471	14.9700598802395	12.9740518962076	8.98203592814371	5.98802395209581	8.98203592814371	3.99201596806387	10.9780439121756	14.9700598802395	7.98403193612774	14.9700598802395	18.9620758483034	21.9560878243513	8.98203592814371	10.9780439121756	9.98003992015968	11.9760479041916	9.98003992015968	13.9720558882236	10.9780439121756	8.98203592814371	31.936127744511
chr4	42205137	42206138	1002	*	Region_700	10.9780439121756	40.9181636726547	5.98802395209581	2.9940119760479	34.9301397205589	38.9221556886228	13.9720558882236	6.98602794411178	29.940119760479	27.9441117764471	9.98003992015968	32.9341317365269	19.9600798403194	6.98602794411178	17.9640718562874	20.9580838323353	21.9560878243513	17.9640718562874	23.9520958083832	19.9600798403194	15.9680638722555	12.9740518962076	111.776447105788	21.9560878243513	51.8962075848303	83.8323353293413
chr4	42210119	42211120	1002	*	Region_701	0	4.99001996007984	0.998003992015968	3.99201596806387	45.9081836327345	41.9161676646707	8.98203592814371	18.9620758483034	8.98203592814371	12.9740518962076	5.98802395209581	10.9780439121756	12.9740518962076	11.9760479041916	10.9780439121756	13.9720558882236	21.9560878243513	11.9760479041916	10.9780439121756	23.9520958083832	17.9640718562874	5.98802395209581	22.9540918163673	7.98403193612774	14.9700598802395	68.8622754491018
chr4	42226725	42227726	1002	*	Region_708	1.99600798403194	1.99600798403194	0	6.98602794411178	21.9560878243513	16.9660678642715	10.9780439121756	20.9580838323353	10.9780439121756	7.98403193612774	3.99201596806387	5.98802395209581	12.9740518962076	11.9760479041916	7.98403193612774	15.9680638722555	15.9680638722555	3.99201596806387	0.998003992015968	9.98003992015968	11.9760479041916	5.98802395209581	12.9740518962076	12.9740518962076	17.9640718562874	59.8802395209581
chr4	42240075	42241076	1002	*	Region_716	3.99201596806387	2.9940119760479	2.9940119760479	7.98403193612774	49.9001996007984	15.9680638722555	9.98003992015968	25.9481037924152	11.9760479041916	15.9680638722555	2.9940119760479	10.9780439121756	5.98802395209581	21.9560878243513	11.9760479041916	15.9680638722555	15.9680638722555	5.98802395209581	11.9760479041916	7.98403193612774	14.9700598802395	6.98602794411178	8.98203592814371	5.98802395209581	15.9680638722555	49.9001996007984
chr4	42253749	42254750	1002	*	Region_719	0	2.9940119760479	0.998003992015968	1.99600798403194	19.9600798403194	29.940119760479	10.9780439121756	9.98003992015968	12.9740518962076	17.9640718562874	3.99201596806387	12.9740518962076	15.9680638722555	10.9780439121756	16.9660678642715	10.9780439121756	17.9640718562874	2.9940119760479	9.98003992015968	9.98003992015968	10.9780439121756	3.99201596806387	19.9600798403194	7.98403193612774	28.9421157684631	11.9760479041916
chr4	42261003	42262004	1002	*	Region_723	0.998003992015968	0.998003992015968	1.99600798403194	3.99201596806387	25.9481037924152	25.9481037924152	14.9700598802395	7.98403193612774	10.9780439121756	10.9780439121756	4.99001996007984	8.98203592814371	7.98403193612774	10.9780439121756	11.9760479041916	17.9640718562874	14.9700598802395	7.98403193612774	2.9940119760479	9.98003992015968	12.9740518962076	5.98802395209581	12.9740518962076	9.98003992015968	13.9720558882236	14.9700598802395
chr4	42264375	42265376	1002	*	Region_725	0.998003992015968	1.99600798403194	0.998003992015968	2.9940119760479	35.9281437125749	25.9481037924152	11.9760479041916	12.9740518962076	8.98203592814371	10.9780439121756	2.9940119760479	16.9660678642715	10.9780439121756	6.98602794411178	14.9700598802395	22.9540918163673	17.9640718562874	4.99001996007984	10.9780439121756	10.9780439121756	12.9740518962076	1.99600798403194	7.98403193612774	12.9740518962076	18.9620758483034	16.9660678642715
chr4	42276812	42277813	1002	*	Region_728	2.9940119760479	3.99201596806387	0	4.99001996007984	32.9341317365269	31.936127744511	12.9740518962076	10.9780439121756	11.9760479041916	5.98802395209581	4.99001996007984	11.9760479041916	4.99001996007984	12.9740518962076	5.98802395209581	11.9760479041916	15.9680638722555	1.99600798403194	6.98602794411178	5.98802395209581	23.9520958083832	2.9940119760479	12.9740518962076	5.98802395209581	13.9720558882236	53.8922155688623
chr4	42279672	42280673	1002	*	Region_729	5.98802395209581	6.98602794411178	2.9940119760479	5.98802395209581	26.9461077844311	24.9500998003992	176.646706586826	6.98602794411178	25.9481037924152	31.936127744511	7.98403193612774	25.9481037924152	11.9760479041916	11.9760479041916	17.9640718562874	15.9680638722555	19.9600798403194	5.98802395209581	17.9640718562874	13.9720558882236	17.9640718562874	4.99001996007984	15.9680638722555	6.98602794411178	14.9700598802395	106.786427145709
chr4	42282016	42283017	1002	*	Region_730	57.8842315369262	73.8522954091816	4.99001996007984	5.98802395209581	77.8443113772455	28.9421157684631	498.003992015968	13.9720558882236	41.9161676646707	61.87624750499	28.9421157684631	36.9261477045908	29.940119760479	28.9421157684631	29.940119760479	18.9620758483034	34.9301397205589	39.9201596806387	23.9520958083832	23.9520958083832	31.936127744511	16.9660678642715	30.938123752495	13.9720558882236	67.8642714570858	364.271457085828
chr4	42283121	42284122	1002	*	Region_731	19.9600798403194	17.9640718562874	2.9940119760479	4.99001996007984	38.9221556886228	18.9620758483034	22.9540918163673	18.9620758483034	6.98602794411178	31.936127744511	3.99201596806387	15.9680638722555	18.9620758483034	19.9600798403194	9.98003992015968	17.9640718562874	15.9680638722555	14.9700598802395	6.98602794411178	2.9940119760479	21.9560878243513	5.98802395209581	9.98003992015968	7.98403193612774	14.9700598802395	60.8782435129741
chr4	42296309	42297310	1002	*	Region_735	8.98203592814371	7.98403193612774	1.99600798403194	7.98403193612774	37.9241516966068	21.9560878243513	28.9421157684631	11.9760479041916	13.9720558882236	26.9461077844311	10.9780439121756	14.9700598802395	9.98003992015968	21.9560878243513	10.9780439121756	10.9780439121756	23.9520958083832	9.98003992015968	11.9760479041916	10.9780439121756	14.9700598802395	5.98802395209581	10.9780439121756	8.98203592814371	20.9580838323353	80.8383233532934
chr4	42297528	42298529	1002	*	Region_736	25.9481037924152	48.9021956087824	0.998003992015968	1.99600798403194	71.8562874251497	46.9061876247505	9.98003992015968	9.98003992015968	9.98003992015968	16.9660678642715	6.98602794411178	9.98003992015968	12.9740518962076	9.98003992015968	10.9780439121756	17.9640718562874	15.9680638722555	8.98203592814371	6.98602794411178	20.9580838323353	8.98203592814371	3.99201596806387	18.9620758483034	8.98203592814371	23.9520958083832	62.874251497006
chr4	42300541	42301542	1002	*	Region_737	6.98602794411178	3.99201596806387	1.99600798403194	1.99600798403194	61.87624750499	41.9161676646707	12.9740518962076	21.9560878243513	7.98403193612774	19.9600798403194	2.9940119760479	15.9680638722555	8.98203592814371	21.9560878243513	9.98003992015968	12.9740518962076	21.9560878243513	8.98203592814371	3.99201596806387	5.98802395209581	20.9580838323353	4.99001996007984	5.98802395209581	8.98203592814371	14.9700598802395	45.9081836327345
chr4	42302157	42303158	1002	*	Region_738	109.780439121757	50.8982035928144	4.99001996007984	6.98602794411178	40.9181636726547	40.9181636726547	196.606786427146	13.9720558882236	27.9441117764471	97.8043912175649	23.9520958083832	38.9221556886228	34.9301397205589	36.9261477045908	26.9461077844311	17.9640718562874	47.9041916167665	28.9421157684631	19.9600798403194	18.9620758483034	29.940119760479	8.98203592814371	16.9660678642715	13.9720558882236	28.9421157684631	269.461077844311
chr4	42304927	42305928	1002	*	Region_739	248.502994011976	84.8303393213573	5.98802395209581	6.98602794411178	37.9241516966068	46.9061876247505	15.9680638722555	12.9740518962076	49.9001996007984	37.9241516966068	9.98003992015968	32.9341317365269	15.9680638722555	34.9301397205589	14.9700598802395	16.9660678642715	20.9580838323353	10.9780439121756	69.8602794411178	9.98003992015968	23.9520958083832	8.98203592814371	45.9081836327345	19.9600798403194	25.9481037924152	60.8782435129741
chr4	42307164	42308165	1002	*	Region_740	358.283433133733	130.738522954092	5.98802395209581	2.9940119760479	54.8902195608783	59.8802395209581	7.98403193612774	8.98203592814371	84.8303393213573	143.712574850299	20.9580838323353	96.8063872255489	30.938123752495	39.9201596806387	25.9481037924152	34.9301397205589	75.8483033932136	22.9540918163673	84.8303393213573	24.9500998003992	23.9520958083832	12.9740518962076	120.758483033932	25.9481037924152	93.812375249501	131.736526946108
chr4	42309257	42310258	1002	*	Region_741	761.477045908184	161.676646706587	5.98802395209581	4.99001996007984	208.582834331337	111.776447105788	35.9281437125749	14.9700598802395	258.483033932136	1818.36327345309	86.8263473053892	734.530938123753	199.600798403194	186.626746506986	127.744510978044	135.728542914172	670.658682634731	110.778443113772	230.538922155689	50.8982035928144	96.8063872255489	72.8542914171657	259.481037924152	68.8622754491018	933.13373253493	629.740518962076
chr4	42312383	42313384	1002	*	Region_743	44.9101796407186	42.9141716566866	2.9940119760479	5.98802395209581	38.9221556886228	37.9241516966068	14.9700598802395	15.9680638722555	9.98003992015968	36.9261477045908	14.9700598802395	29.940119760479	12.9740518962076	16.9660678642715	15.9680638722555	29.940119760479	33.9321357285429	11.9760479041916	24.9500998003992	20.9580838323353	24.9500998003992	4.99001996007984	27.9441117764471	7.98403193612774	27.9441117764471	29.940119760479
chr4	42331709	42332710	1002	*	Region_752	3.99201596806387	4.99001996007984	0.998003992015968	8.98203592814371	28.9421157684631	25.9481037924152	12.9740518962076	19.9600798403194	10.9780439121756	33.9321357285429	6.98602794411178	15.9680638722555	18.9620758483034	13.9720558882236	7.98403193612774	13.9720558882236	11.9760479041916	4.99001996007984	9.98003992015968	14.9700598802395	13.9720558882236	8.98203592814371	7.98403193612774	8.98203592814371	29.940119760479	38.9221556886228
chr4	42334983	42335984	1002	*	Region_753	4.99001996007984	0.998003992015968	0.998003992015968	2.9940119760479	27.9441117764471	23.9520958083832	12.9740518962076	12.9740518962076	11.9760479041916	13.9720558882236	2.9940119760479	10.9780439121756	8.98203592814371	12.9740518962076	14.9700598802395	9.98003992015968	12.9740518962076	6.98602794411178	13.9720558882236	11.9760479041916	11.9760479041916	12.9740518962076	16.9660678642715	16.9660678642715	22.9540918163673	13.9720558882236
chr4	42348346	42349347	1002	*	Region_762	7.98403193612774	8.98203592814371	2.9940119760479	4.99001996007984	21.9560878243513	19.9600798403194	32.9341317365269	10.9780439121756	9.98003992015968	32.9341317365269	8.98203592814371	10.9780439121756	16.9660678642715	12.9740518962076	14.9700598802395	10.9780439121756	20.9580838323353	9.98003992015968	8.98203592814371	3.99201596806387	15.9680638722555	7.98403193612774	8.98203592814371	10.9780439121756	22.9540918163673	47.9041916167665
chr4	42361327	42362328	1002	*	Region_770	5.98802395209581	14.9700598802395	0.998003992015968	9.98003992015968	41.9161676646707	18.9620758483034	10.9780439121756	20.9580838323353	3.99201596806387	10.9780439121756	3.99201596806387	10.9780439121756	6.98602794411178	5.98802395209581	5.98802395209581	15.9680638722555	22.9540918163673	6.98602794411178	4.99001996007984	7.98403193612774	14.9700598802395	3.99201596806387	18.9620758483034	17.9640718562874	15.9680638722555	78.8423153692615
chr4	42365018	42366019	1002	*	Region_772	5.98802395209581	0.998003992015968	0.998003992015968	6.98602794411178	25.9481037924152	24.9500998003992	20.9580838323353	16.9660678642715	12.9740518962076	10.9780439121756	5.98802395209581	10.9780439121756	10.9780439121756	9.98003992015968	18.9620758483034	18.9620758483034	11.9760479041916	7.98403193612774	6.98602794411178	17.9640718562874	23.9520958083832	6.98602794411178	6.98602794411178	7.98403193612774	13.9720558882236	27.9441117764471
chr4	42366483	42367484	1002	*	Region_773	3.99201596806387	2.9940119760479	0.998003992015968	6.98602794411178	40.9181636726547	20.9580838323353	9.98003992015968	20.9580838323353	12.9740518962076	15.9680638722555	3.99201596806387	13.9720558882236	7.98403193612774	16.9660678642715	7.98403193612774	14.9700598802395	18.9620758483034	6.98602794411178	6.98602794411178	13.9720558882236	10.9780439121756	9.98003992015968	9.98003992015968	17.9640718562874	14.9700598802395	22.9540918163673
chr4	42371815	42372816	1002	*	Region_776	7.98403193612774	27.9441117764471	3.99201596806387	2.9940119760479	94.810379241517	109.780439121757	24.9500998003992	10.9780439121756	12.9740518962076	22.9540918163673	8.98203592814371	18.9620758483034	20.9580838323353	51.8962075848303	17.9640718562874	29.940119760479	16.9660678642715	16.9660678642715	14.9700598802395	16.9660678642715	12.9740518962076	10.9780439121756	11.9760479041916	31.936127744511	28.9421157684631	76.8463073852295
chr4	42377616	42378617	1002	*	Region_780	5.98802395209581	4.99001996007984	0.998003992015968	0	10.9780439121756	33.9321357285429	17.9640718562874	16.9660678642715	14.9700598802395	15.9680638722555	6.98602794411178	17.9640718562874	11.9760479041916	20.9580838323353	13.9720558882236	17.9640718562874	13.9720558882236	9.98003992015968	17.9640718562874	8.98203592814371	21.9560878243513	13.9720558882236	27.9441117764471	13.9720558882236	26.9461077844311	6.98602794411178
chr4	42387356	42388357	1002	*	Region_785	2.9940119760479	4.99001996007984	0.998003992015968	1.99600798403194	28.9421157684631	17.9640718562874	12.9740518962076	7.98403193612774	15.9680638722555	14.9700598802395	5.98802395209581	15.9680638722555	16.9660678642715	11.9760479041916	19.9600798403194	13.9720558882236	14.9700598802395	3.99201596806387	4.99001996007984	4.99001996007984	18.9620758483034	5.98802395209581	10.9780439121756	4.99001996007984	15.9680638722555	42.9141716566866
chr4	42396207	42397208	1002	*	Region_789	1.99600798403194	12.9740518962076	2.9940119760479	18.9620758483034	45.9081836327345	26.9461077844311	20.9580838323353	24.9500998003992	26.9461077844311	27.9441117764471	4.99001996007984	28.9421157684631	31.936127744511	14.9700598802395	14.9700598802395	21.9560878243513	20.9580838323353	10.9780439121756	8.98203592814371	13.9720558882236	20.9580838323353	9.98003992015968	8.98203592814371	12.9740518962076	22.9540918163673	45.9081836327345
chr4	42397560	42398561	1002	*	Region_790	104.790419161677	66.8662674650699	87.8243512974052	13.9720558882236	75.8483033932136	14.9700598802395	66.8662674650699	32.9341317365269	24.9500998003992	88.8223552894212	38.9221556886228	44.9101796407186	53.8922155688623	43.9121756487026	20.9580838323353	23.9520958083832	49.9001996007984	72.8542914171657	11.9760479041916	20.9580838323353	41.9161676646707	5.98802395209581	9.98003992015968	2.9940119760479	24.9500998003992	554.890219560878
chr4	42425838	42426839	1002	*	Region_803	4.99001996007984	7.98403193612774	0.998003992015968	9.98003992015968	22.9540918163673	23.9520958083832	9.98003992015968	14.9700598802395	11.9760479041916	21.9560878243513	2.9940119760479	17.9640718562874	20.9580838323353	20.9580838323353	11.9760479041916	18.9620758483034	14.9700598802395	8.98203592814371	12.9740518962076	5.98802395209581	10.9780439121756	2.9940119760479	28.9421157684631	11.9760479041916	20.9580838323353	37.9241516966068
chr4	42432024	42433025	1002	*	Region_806	0.998003992015968	1.99600798403194	1.99600798403194	4.99001996007984	20.9580838323353	38.9221556886228	11.9760479041916	19.9600798403194	17.9640718562874	12.9740518962076	4.99001996007984	7.98403193612774	9.98003992015968	17.9640718562874	9.98003992015968	13.9720558882236	14.9700598802395	6.98602794411178	9.98003992015968	6.98602794411178	15.9680638722555	1.99600798403194	13.9720558882236	9.98003992015968	13.9720558882236	37.9241516966068
chr4	42450572	42451573	1002	*	Region_814	0.998003992015968	6.98602794411178	0.998003992015968	3.99201596806387	32.9341317365269	29.940119760479	15.9680638722555	10.9780439121756	12.9740518962076	8.98203592814371	2.9940119760479	10.9780439121756	7.98403193612774	5.98802395209581	6.98602794411178	17.9640718562874	13.9720558882236	8.98203592814371	18.9620758483034	4.99001996007984	14.9700598802395	7.98403193612774	25.9481037924152	10.9780439121756	22.9540918163673	29.940119760479
chr4	42454748	42455749	1002	*	Region_816	0.998003992015968	7.98403193612774	2.9940119760479	3.99201596806387	28.9421157684631	29.940119760479	11.9760479041916	13.9720558882236	10.9780439121756	10.9780439121756	1.99600798403194	9.98003992015968	7.98403193612774	11.9760479041916	12.9740518962076	9.98003992015968	20.9580838323353	5.98802395209581	9.98003992015968	11.9760479041916	15.9680638722555	3.99201596806387	22.9540918163673	22.9540918163673	30.938123752495	42.9141716566866
chr4	42472856	42473857	1002	*	Region_823	0.998003992015968	1.99600798403194	1.99600798403194	5.98802395209581	26.9461077844311	23.9520958083832	8.98203592814371	12.9740518962076	9.98003992015968	6.98602794411178	3.99201596806387	15.9680638722555	13.9720558882236	10.9780439121756	7.98403193612774	9.98003992015968	11.9760479041916	9.98003992015968	6.98602794411178	8.98203592814371	14.9700598802395	6.98602794411178	16.9660678642715	14.9700598802395	20.9580838323353	24.9500998003992
chr4	42477099	42478100	1002	*	Region_826	1.99600798403194	8.98203592814371	0.998003992015968	1.99600798403194	36.9261477045908	29.940119760479	17.9640718562874	10.9780439121756	9.98003992015968	19.9600798403194	10.9780439121756	29.940119760479	21.9560878243513	12.9740518962076	11.9760479041916	21.9560878243513	18.9620758483034	4.99001996007984	9.98003992015968	15.9680638722555	15.9680638722555	10.9780439121756	13.9720558882236	15.9680638722555	24.9500998003992	29.940119760479
chr4	42478903	42479904	1002	*	Region_827	2.9940119760479	7.98403193612774	1.99600798403194	4.99001996007984	29.940119760479	41.9161676646707	15.9680638722555	11.9760479041916	16.9660678642715	21.9560878243513	5.98802395209581	17.9640718562874	21.9560878243513	15.9680638722555	9.98003992015968	11.9760479041916	24.9500998003992	4.99001996007984	5.98802395209581	11.9760479041916	9.98003992015968	2.9940119760479	30.938123752495	9.98003992015968	24.9500998003992	59.8802395209581
chr4	42480954	42481955	1002	*	Region_828	30.938123752495	67.8642714570858	1.99600798403194	6.98602794411178	98.8023952095809	66.8662674650699	14.9700598802395	17.9640718562874	9.98003992015968	13.9720558882236	8.98203592814371	19.9600798403194	14.9700598802395	16.9660678642715	18.9620758483034	12.9740518962076	23.9520958083832	15.9680638722555	6.98602794411178	7.98403193612774	14.9700598802395	8.98203592814371	14.9700598802395	19.9600798403194	18.9620758483034	72.8542914171657
chr4	42482624	42483625	1002	*	Region_829	113.77245508982	170.658682634731	4.99001996007984	11.9760479041916	705.588822355289	413.173652694611	27.9441117764471	13.9720558882236	91.8163672654691	196.606786427146	53.8922155688623	172.654690618762	67.8642714570858	178.642714570858	25.9481037924152	29.940119760479	36.9261477045908	52.8942115768463	50.8982035928144	39.9201596806387	21.9560878243513	9.98003992015968	73.8522954091816	94.810379241517	69.8602794411178	477.045908183633
chr4	42488364	42489365	1002	*	Region_830	0	14.9700598802395	0.998003992015968	6.98602794411178	28.9421157684631	35.9281437125749	13.9720558882236	14.9700598802395	9.98003992015968	18.9620758483034	2.9940119760479	16.9660678642715	14.9700598802395	19.9600798403194	10.9780439121756	11.9760479041916	15.9680638722555	8.98203592814371	8.98203592814371	14.9700598802395	15.9680638722555	3.99201596806387	13.9720558882236	11.9760479041916	21.9560878243513	52.8942115768463
chr4	42495773	42496774	1002	*	Region_831	2.9940119760479	5.98802395209581	1.99600798403194	1.99600798403194	31.936127744511	28.9421157684631	18.9620758483034	8.98203592814371	18.9620758483034	9.98003992015968	7.98403193612774	13.9720558882236	8.98203592814371	8.98203592814371	11.9760479041916	9.98003992015968	19.9600798403194	8.98203592814371	11.9760479041916	12.9740518962076	10.9780439121756	3.99201596806387	8.98203592814371	10.9780439121756	19.9600798403194	61.87624750499
chr4	42503333	42504334	1002	*	Region_836	4.99001996007984	14.9700598802395	1.99600798403194	6.98602794411178	29.940119760479	27.9441117764471	15.9680638722555	12.9740518962076	9.98003992015968	22.9540918163673	2.9940119760479	17.9640718562874	5.98802395209581	12.9740518962076	14.9700598802395	8.98203592814371	14.9700598802395	1.99600798403194	6.98602794411178	6.98602794411178	13.9720558882236	6.98602794411178	2.9940119760479	15.9680638722555	11.9760479041916	56.8862275449102
chr4	42513376	42514377	1002	*	Region_840	2.9940119760479	5.98802395209581	1.99600798403194	4.99001996007984	23.9520958083832	25.9481037924152	14.9700598802395	17.9640718562874	12.9740518962076	12.9740518962076	8.98203592814371	10.9780439121756	11.9760479041916	14.9700598802395	8.98203592814371	11.9760479041916	13.9720558882236	6.98602794411178	6.98602794411178	5.98802395209581	9.98003992015968	3.99201596806387	28.9421157684631	11.9760479041916	18.9620758483034	44.9101796407186
chr4	42523193	42524194	1002	*	Region_844	2.9940119760479	14.9700598802395	2.9940119760479	4.99001996007984	32.9341317365269	23.9520958083832	10.9780439121756	17.9640718562874	9.98003992015968	14.9700598802395	3.99201596806387	15.9680638722555	12.9740518962076	23.9520958083832	7.98403193612774	8.98203592814371	19.9600798403194	5.98802395209581	3.99201596806387	5.98802395209581	10.9780439121756	4.99001996007984	10.9780439121756	9.98003992015968	17.9640718562874	60.8782435129741
chr4	42545975	42546976	1002	*	Region_847	3.99201596806387	3.99201596806387	0.998003992015968	2.9940119760479	46.9061876247505	26.9461077844311	11.9760479041916	12.9740518962076	12.9740518962076	17.9640718562874	5.98802395209581	3.99201596806387	4.99001996007984	10.9780439121756	10.9780439121756	20.9580838323353	11.9760479041916	4.99001996007984	3.99201596806387	7.98403193612774	8.98203592814371	5.98802395209581	6.98602794411178	6.98602794411178	19.9600798403194	28.9421157684631
chr4	42556568	42557569	1002	*	Region_852	2.9940119760479	2.9940119760479	2.9940119760479	0.998003992015968	7.98403193612774	32.9341317365269	0.998003992015968	18.9620758483034	13.9720558882236	8.98203592814371	5.98802395209581	12.9740518962076	16.9660678642715	20.9580838323353	10.9780439121756	10.9780439121756	13.9720558882236	7.98403193612774	20.9580838323353	7.98403193612774	16.9660678642715	3.99201596806387	28.9421157684631	10.9780439121756	29.940119760479	25.9481037924152
chr4	42569397	42570398	1002	*	Region_858	4.99001996007984	24.9500998003992	0.998003992015968	1.99600798403194	34.9301397205589	35.9281437125749	24.9500998003992	20.9580838323353	28.9421157684631	33.9321357285429	13.9720558882236	20.9580838323353	18.9620758483034	21.9560878243513	10.9780439121756	14.9700598802395	19.9600798403194	10.9780439121756	26.9461077844311	13.9720558882236	7.98403193612774	7.98403193612774	26.9461077844311	15.9680638722555	29.940119760479	71.8562874251497
chr4	42577463	42578464	1002	*	Region_863	3.99201596806387	12.9740518962076	0.998003992015968	2.9940119760479	16.9660678642715	42.9141716566866	24.9500998003992	12.9740518962076	31.936127744511	22.9540918163673	9.98003992015968	26.9461077844311	12.9740518962076	30.938123752495	17.9640718562874	15.9680638722555	16.9660678642715	14.9700598802395	33.9321357285429	25.9481037924152	11.9760479041916	10.9780439121756	43.9121756487026	37.9241516966068	29.940119760479	28.9421157684631
chr4	42605019	42606020	1002	*	Region_879	6.98602794411178	25.9481037924152	1.99600798403194	5.98802395209581	38.9221556886228	59.8802395209581	16.9660678642715	19.9600798403194	22.9540918163673	34.9301397205589	5.98802395209581	31.936127744511	22.9540918163673	34.9301397205589	21.9560878243513	26.9461077844311	32.9341317365269	12.9740518962076	9.98003992015968	21.9560878243513	11.9760479041916	8.98203592814371	39.9201596806387	27.9441117764471	49.9001996007984	44.9101796407186
chr4	42611476	42612477	1002	*	Region_881	25.9481037924152	37.9241516966068	0.998003992015968	2.9940119760479	35.9281437125749	30.938123752495	16.9660678642715	13.9720558882236	6.98602794411178	18.9620758483034	1.99600798403194	17.9640718562874	11.9760479041916	13.9720558882236	21.9560878243513	21.9560878243513	15.9680638722555	5.98802395209581	21.9560878243513	10.9780439121756	21.9560878243513	6.98602794411178	46.9061876247505	12.9740518962076	49.9001996007984	31.936127744511
chr4	42627875	42628876	1002	*	Region_889	5.98802395209581	10.9780439121756	4.99001996007984	2.9940119760479	14.9700598802395	25.9481037924152	11.9760479041916	20.9580838323353	24.9500998003992	92.814371257485	61.87624750499	37.9241516966068	60.8782435129741	37.9241516966068	7.98403193612774	16.9660678642715	17.9640718562874	6.98602794411178	5.98802395209581	12.9740518962076	14.9700598802395	5.98802395209581	14.9700598802395	12.9740518962076	24.9500998003992	62.874251497006
chr4	42653075	42654076	1002	*	Region_900	5.98802395209581	22.9540918163673	3.99201596806387	8.98203592814371	25.9481037924152	22.9540918163673	10.9780439121756	13.9720558882236	15.9680638722555	35.9281437125749	12.9740518962076	21.9560878243513	13.9720558882236	27.9441117764471	26.9461077844311	21.9560878243513	26.9461077844311	22.9540918163673	11.9760479041916	29.940119760479	18.9620758483034	3.99201596806387	13.9720558882236	17.9640718562874	40.9181636726547	43.9121756487026
chr4	42655675	42656676	1002	*	Region_902	270.459081836327	20.9580838323353	713.572854291417	5.98802395209581	75.8483033932136	41.9161676646707	35.9281437125749	12.9740518962076	22.9540918163673	60.8782435129741	35.9281437125749	24.9500998003992	24.9500998003992	47.9041916167665	24.9500998003992	30.938123752495	32.9341317365269	62.874251497006	11.9760479041916	32.9341317365269	29.940119760479	12.9740518962076	17.9640718562874	13.9720558882236	30.938123752495	369.261477045908
chr4	42666070	42667071	1002	*	Region_906	4.99001996007984	3.99201596806387	2.9940119760479	2.9940119760479	27.9441117764471	42.9141716566866	12.9740518962076	28.9421157684631	22.9540918163673	28.9421157684631	8.98203592814371	17.9640718562874	16.9660678642715	15.9680638722555	11.9760479041916	12.9740518962076	11.9760479041916	8.98203592814371	11.9760479041916	7.98403193612774	15.9680638722555	5.98802395209581	10.9780439121756	27.9441117764471	31.936127744511	61.87624750499
chr4	42706263	42707264	1002	*	Region_921	2.9940119760479	4.99001996007984	0	5.98802395209581	16.9660678642715	17.9640718562874	12.9740518962076	14.9700598802395	13.9720558882236	14.9700598802395	5.98802395209581	20.9580838323353	12.9740518962076	17.9640718562874	13.9720558882236	14.9700598802395	12.9740518962076	17.9640718562874	7.98403193612774	8.98203592814371	27.9441117764471	5.98802395209581	8.98203592814371	19.9600798403194	31.936127744511	36.9261477045908
chr4	42718155	42719156	1002	*	Region_929	2.9940119760479	7.98403193612774	1.99600798403194	3.99201596806387	26.9461077844311	55.8882235528942	22.9540918163673	14.9700598802395	19.9600798403194	11.9760479041916	6.98602794411178	20.9580838323353	5.98802395209581	7.98403193612774	17.9640718562874	17.9640718562874	14.9700598802395	5.98802395209581	27.9441117764471	14.9700598802395	15.9680638722555	12.9740518962076	23.9520958083832	18.9620758483034	22.9540918163673	23.9520958083832
chr4	42733125	42734126	1002	*	Region_935	0	5.98802395209581	1.99600798403194	5.98802395209581	36.9261477045908	31.936127744511	17.9640718562874	10.9780439121756	31.936127744511	19.9600798403194	7.98403193612774	45.9081836327345	29.940119760479	22.9540918163673	22.9540918163673	39.9201596806387	15.9680638722555	12.9740518962076	52.8942115768463	23.9520958083832	7.98403193612774	2.9940119760479	143.712574850299	14.9700598802395	32.9341317365269	15.9680638722555
chr4	42746121	42747122	1002	*	Region_942	1.99600798403194	1.99600798403194	1.99600798403194	5.98802395209581	18.9620758483034	40.9181636726547	10.9780439121756	7.98403193612774	19.9600798403194	6.98602794411178	4.99001996007984	9.98003992015968	19.9600798403194	10.9780439121756	8.98203592814371	14.9700598802395	8.98203592814371	10.9780439121756	16.9660678642715	6.98602794411178	16.9660678642715	7.98403193612774	21.9560878243513	16.9660678642715	26.9461077844311	12.9740518962076
chr4	42748206	42749207	1002	*	Region_943	0	0	6.98602794411178	4.99001996007984	14.9700598802395	22.9540918163673	15.9680638722555	4.99001996007984	16.9660678642715	10.9780439121756	6.98602794411178	11.9760479041916	6.98602794411178	11.9760479041916	11.9760479041916	9.98003992015968	7.98403193612774	4.99001996007984	13.9720558882236	4.99001996007984	13.9720558882236	6.98602794411178	23.9520958083832	9.98003992015968	19.9600798403194	26.9461077844311
